crop_age_days,sat_ndvi,sat_ndre,sat_ndwi,sat_evi,sat_temp_celsius,sat_diurnal_temp_range,sat_solar_radiation_kwh_m2,sat_precipitation_mm,gdd,hydro_thermal_index,factory_sugar_recovery_pct
317.4,0.6412,0.3465,0.5654,0.5049,31.1,10.3,7.25,0.03,605.4,72.67,12.85
467.2,0.8981,0.5699,0.6803,0.9504,24.4,8.2,9.19,2.22,579.9,23.46,12.85
410.3,0.8712,0.3343,0.245,0.7976,34.2,11.7,7.62,0.28,911.5,69.43,12.85
375.7,0.7876,0.4019,0.5656,0.7061,30.6,8.0,7.42,0.07,698.1,55.73,12.85
260.6,0.7312,0.2508,0.2866,0.6211,24.2,15.4,7.05,1.59,317.9,41.9,12.32
260.6,0.6473,0.2623,0.379,0.518,35.5,8.7,5.94,2.23,611.6,15.91,11.62
235.1,0.7655,0.5111,0.7127,0.7708,29.3,9.3,5.02,2.52,405.7,13.21,11.53
445.2,0.754,0.4418,0.2641,0.6631,23.0,10.7,6.09,1.02,490.6,32.11,12.85
376.3,0.8598,0.3515,0.6581,0.9557,30.8,10.4,7.29,0.34,706.5,56.67,12.85
404.1,0.7213,0.5087,0.4623,0.718,25.5,14.2,6.71,2.0,547.3,31.6,12.85
225.4,0.7954,0.3518,0.6354,0.7771,33.3,11.1,7.02,1.8,478.9,27.79,11.18
472.2,0.7287,0.4329,0.2487,0.6027,33.4,8.5,9.41,0.42,1012.8,56.43,12.85
436.4,0.8447,0.3649,0.6761,0.8109,35.7,9.4,6.58,3.51,1034.6,13.73,12.85
275.2,0.7399,0.6274,0.5409,0.7263,29.0,11.6,7.03,0.17,468.6,69.92,12.85
267.3,0.7023,0.3559,0.3511,0.6115,28.4,8.3,5.6,6.08,437.5,6.58,11.2
267.7,0.7924,0.1134,0.2,0.6655,32.5,12.5,5.22,2.95,550.1,16.5,11.69
299.1,0.8817,0.4479,0.3571,0.9173,23.9,12.1,8.49,1.75,354.6,37.37,12.85
356.4,0.7681,0.6303,0.45,0.7777,29.7,13.4,7.57,4.19,629.4,19.59,12.85
332.3,0.7683,0.6258,0.4193,0.771,29.6,15.4,8.42,1.92,586.4,44.51,12.85
295.7,0.7884,0.3392,0.5347,0.6829,23.3,15.2,5.67,0.32,332.8,65.54,12.85
379.1,0.6922,0.5547,0.6041,0.6406,27.9,15.5,7.57,0.88,600.9,62.65,12.85
256.3,0.8326,0.5104,0.503,0.7534,33.9,9.2,6.14,0.11,562.4,50.86,12.85
296.0,0.7472,0.2252,0.4618,0.6407,34.0,8.2,6.03,0.74,650.7,28.33,12.37
315.3,0.72,0.4899,0.5961,0.7051,23.4,9.7,5.05,2.03,359.1,16.21,12.85
338.6,0.7558,0.4021,0.3999,0.6581,23.3,15.1,5.59,0.73,381.6,48.54,12.85
424.1,0.6982,0.1972,0.5771,0.5892,25.7,15.7,6.39,0.6,580.1,62.86,12.85
271.9,0.7177,0.3958,0.2537,0.5593,34.2,14.7,5.53,1.36,604.9,34.54,12.8
353.7,0.856,0.3476,0.6814,0.9379,23.8,8.0,9.44,3.09,417.5,18.45,12.85
374.0,0.7021,0.5219,0.6139,0.6689,32.1,15.5,6.39,0.07,751.0,92.44,12.85
232.1,0.8052,0.3081,0.5107,0.8031,23.4,10.8,5.59,0.73,264.9,34.9,11.23
378.0,0.7142,0.4201,0.4375,0.6815,30.7,7.1,5.9,0.26,707.7,33.19,12.85
264.3,0.7988,0.1794,0.2929,0.6905,27.0,11.0,7.64,1.78,396.1,30.17,12.18
236.9,0.8386,0.2355,0.4196,0.8217,33.0,7.4,5.29,0.17,498.6,33.58,11.21
466.7,0.8819,0.4315,0.599,0.8631,25.3,11.9,8.88,1.64,619.4,40.02,12.85
471.1,0.66,0.1169,0.3479,0.5169,30.9,10.0,9.33,0.51,892.6,62.23,12.85
430.2,0.8005,0.4289,0.6583,0.7685,25.3,11.3,6.11,0.33,572.1,51.63,12.85
299.2,0.7403,0.5216,0.6091,0.7425,32.0,12.5,7.03,4.13,598.1,17.14,12.85
245.4,0.7017,0.31,0.3876,0.5509,34.2,14.8,5.1,0.03,545.5,73.51,12.02
397.9,0.6216,0.3206,0.646,0.5051,23.8,13.0,7.88,0.86,468.5,54.8,12.85
334.4,0.8202,0.4466,0.5066,0.733,34.1,10.9,6.86,0.03,740.2,72.47,12.85
251.7,0.6342,0.2992,0.2482,0.5119,30.3,14.4,6.22,0.99,460.9,44.87,11.8
348.7,0.7557,0.4708,0.4235,0.7659,23.8,15.2,5.93,1.04,410.8,43.98,12.85
228.9,0.7003,0.3018,0.5357,0.6242,28.0,8.1,7.94,0.58,366.0,40.55,10.89
456.4,0.6831,0.2801,0.6766,0.6017,24.3,11.8,6.87,0.21,559.2,66.81,12.85
287.3,0.7424,0.4734,0.6613,0.7252,31.8,9.6,5.81,0.71,569.0,32.51,12.85
392.3,0.6804,0.3666,0.4358,0.5497,32.6,7.4,8.1,1.67,809.0,22.5,12.85
301.0,0.8634,0.4773,0.3267,0.8688,23.5,13.0,7.54,2.29,345.6,29.86,12.85
355.2,0.8871,0.489,0.6221,0.8936,29.1,14.8,8.86,1.13,606.9,61.3,12.85
362.1,0.6872,0.5807,0.4134,0.6244,33.4,8.5,5.53,1.34,775.2,20.03,12.85
268.1,0.7953,0.5487,0.7207,0.8462,35.1,14.3,8.54,0.34,619.4,91.44,12.85
472.1,0.7362,0.5327,0.3864,0.7169,29.2,14.7,8.03,0.51,811.5,78.18,12.85
421.5,0.7606,0.2221,0.5072,0.6936,35.3,15.2,5.52,0.26,982.3,66.43,12.85
464.3,0.8889,0.4501,0.46,0.9937,29.5,9.4,8.13,0.43,812.5,53.35,12.85
452.7,0.8353,0.3538,0.4635,0.7434,27.5,15.1,6.99,0.38,702.5,76.51,12.85
375.5,0.6349,0.2136,0.291,0.4801,33.9,9.9,9.25,1.1,821.3,43.57,12.85
459.7,0.7456,0.4523,0.5462,0.6358,28.9,12.0,5.64,1.24,777.0,30.12,12.85
243.0,0.8306,0.3699,0.6014,0.7813,28.6,7.5,7.89,4.35,403.6,11.0,11.04
271.0,0.7726,0.3554,0.336,0.7315,28.9,7.4,6.72,0.33,456.9,37.46,12.36
231.8,0.8901,0.4258,0.3691,0.9469,33.9,13.5,9.31,1.54,506.5,49.41,12.42
304.6,0.7943,0.5146,0.4429,0.8316,33.6,11.0,6.48,2.55,659.3,20.1,12.85
321.1,0.8286,0.2477,0.4398,0.8172,27.6,9.3,9.33,1.23,502.4,38.9,12.85
290.6,0.6994,0.2766,0.3749,0.6278,26.7,8.7,9.06,0.44,426.1,54.74,12.85
435.5,0.7563,0.2064,0.5717,0.6137,28.9,13.0,6.22,0.46,735.4,55.6,12.85
312.8,0.7062,0.2194,0.4235,0.5547,30.0,7.0,8.62,0.06,563.5,56.92,12.85
293.0,0.9005,0.3677,0.5693,0.9496,25.3,14.3,9.48,0.55,390.8,87.36,12.85
361.1,0.8762,0.4883,0.418,0.8775,33.1,7.7,6.14,2.05,762.5,15.53,12.85
256.6,0.8279,0.5036,0.6041,0.8798,28.8,8.7,6.97,0.07,431.4,56.63,12.85
428.6,0.7235,0.4858,0.5573,0.6002,26.7,10.5,7.34,0.37,629.0,56.08,12.85
239.4,0.659,0.2503,0.3017,0.5034,23.5,11.4,6.33,1.84,275.2,25.34,11.05
476.6,0.8166,0.366,0.3589,0.7853,25.3,10.2,5.07,2.29,636.0,15.71,12.85
420.8,0.6785,0.4237,0.465,0.5617,35.3,9.9,5.99,0.91,980.0,30.99,12.85
271.7,0.5906,0.0981,0.5349,0.4398,26.3,15.7,6.27,1.8,387.7,35.14,11.83
221.4,0.7342,0.3265,0.6486,0.7078,24.4,12.8,7.0,0.74,273.8,51.47,10.93
432.0,0.858,0.1972,0.4971,0.7563,28.4,7.2,5.77,0.26,710.6,32.99,12.85
403.8,0.7865,0.4097,0.586,0.7699,26.3,10.9,8.93,0.76,577.4,55.11,12.85
409.5,0.8533,0.212,0.3712,0.7995,22.5,14.9,8.17,1.3,429.7,52.83,12.85
420.5,0.7979,0.4469,0.3533,0.6948,26.5,9.7,5.38,4.44,610.8,9.62,12.85
239.3,0.6354,0.2673,0.3804,0.5321,29.6,7.9,7.93,0.11,421.5,56.22,11.62
313.2,0.8816,0.591,0.5955,0.9736,29.7,13.8,7.94,1.06,555.1,53.24,12.85
250.1,0.7553,0.2699,0.3397,0.6853,27.0,12.5,9.3,0.6,375.0,72.49,12.33
444.4,0.7712,0.5273,0.6495,0.7689,28.3,12.1,5.01,1.06,722.7,29.46,12.85
382.1,0.6529,0.154,0.3922,0.5147,35.5,7.5,6.12,0.04,898.5,44.15,12.85
306.0,0.7859,0.3286,0.4409,0.7963,27.3,8.3,9.18,0.56,467.7,48.51,12.85
236.5,0.8798,0.4575,0.5604,0.826,25.6,12.6,9.19,2.57,322.0,32.45,12.49
300.9,0.8295,0.4485,0.6786,0.8529,25.4,8.9,8.24,1.21,403.4,33.07,12.85
304.5,0.7729,0.2667,0.3673,0.7417,28.4,11.5,8.45,0.9,499.7,51.33,12.85
409.7,0.9006,0.4924,0.6228,1.0397,32.6,11.9,5.41,0.5,845.3,42.82,12.85
385.8,0.7938,0.248,0.3869,0.7384,24.9,9.6,7.31,0.53,497.0,45.63,12.85
450.7,0.8554,0.2249,0.6022,0.7383,31.9,15.5,6.04,0.72,898.2,54.43,12.85
342.8,0.8329,0.2875,0.2617,0.6952,22.3,14.6,5.82,2.71,352.9,22.87,12.85
251.1,0.8259,0.5379,0.6171,0.8741,27.9,13.5,8.65,5.13,398.4,19.05,12.36
405.4,0.8659,0.5076,0.6801,0.8821,32.9,7.7,5.61,0.87,845.8,23.14,12.85
417.8,0.7845,0.3789,0.503,0.7943,26.7,8.0,7.11,0.75,615.9,32.32,12.85
365.9,0.6793,0.3591,0.5298,0.5622,29.9,11.4,9.22,2.81,654.7,27.67,12.85
420.5,0.6723,0.3474,0.4919,0.5711,24.9,8.4,5.84,0.84,541.1,26.86,12.85
348.4,0.7906,0.2459,0.559,0.648,32.4,15.8,9.4,1.2,710.3,67.4,12.85
355.9,0.8847,0.4701,0.7011,1.0127,22.7,8.4,9.47,0.39,382.0,57.28,12.85
331.2,0.8829,0.3246,0.5977,0.9463,33.9,11.4,7.5,2.04,726.4,28.09,12.85
226.6,0.7855,0.3547,0.7207,0.8195,24.8,10.3,5.77,1.14,289.5,27.7,10.92
248.1,0.6809,0.3608,0.2719,0.569,34.2,12.8,6.42,2.48,551.7,23.52,11.89
228.2,0.8985,0.3211,0.717,0.9615,26.9,8.2,6.91,2.28,340.8,17.21,11.17
385.5,0.696,0.3558,0.5283,0.6466,32.1,10.9,6.39,0.36,775.5,50.99,12.85
301.7,0.8729,0.3176,0.6079,0.8393,26.5,9.5,6.26,1.89,436.6,20.55,12.85
352.2,0.797,0.3426,0.6236,0.8267,34.7,15.0,9.38,2.41,799.0,41.16,12.85
456.0,0.7727,0.5875,0.439,0.7994,23.8,7.4,5.69,0.64,536.8,25.6,12.85
284.8,0.735,0.6101,0.6857,0.7297,24.5,15.2,8.3,0.28,356.0,98.39,12.85
326.7,0.7496,0.345,0.384,0.7333,28.9,14.5,5.0,0.0,552.2,72.23,12.85
416.4,0.6591,0.3528,0.5577,0.5455,23.1,9.7,7.68,0.9,464.2,39.15,12.85
279.5,0.7834,0.219,0.3351,0.7011,24.7,14.1,9.12,0.65,356.2,77.88,12.85
240.0,0.7541,0.3833,0.5577,0.7703,35.2,7.3,6.3,1.21,557.1,20.7,11.22
295.3,0.8312,0.4259,0.1862,0.6903,35.7,15.7,5.83,0.31,699.1,69.81,12.85
261.9,0.7096,0.3314,0.5106,0.6705,27.3,11.7,7.93,2.95,399.9,23.6,12.35
461.7,0.7817,0.4595,0.5155,0.7789,34.9,9.7,8.21,0.45,1058.5,55.18,12.85
430.1,0.7129,0.4205,0.6325,0.6631,29.6,10.3,8.1,0.39,758.2,59.99,12.85
384.7,0.827,0.4611,0.6971,0.9031,25.8,7.6,6.44,0.98,530.0,24.66,12.85
446.6,0.7055,0.2059,0.285,0.6064,31.8,15.9,6.13,1.04,885.7,47.92,12.85
429.0,0.7405,0.5427,0.5163,0.6559,31.2,7.4,9.3,0.36,824.6,50.17,12.85
268.5,0.6338,0.2708,0.4206,0.4872,35.8,12.9,9.15,0.48,640.3,79.98,12.42
452.1,0.8739,0.3174,0.3755,0.8749,25.7,11.0,7.06,0.28,619.8,60.62,12.85
360.2,0.8655,0.2504,0.491,0.8119,31.4,15.5,8.81,1.9,699.2,47.18,12.85
429.9,0.8175,0.2865,0.2835,0.7628,22.7,9.2,7.04,2.21,461.2,20.23,12.85
453.0,0.8795,0.5929,0.473,0.9765,23.6,11.8,6.91,0.93,525.1,42.19,12.85
302.7,0.7405,0.5522,0.5364,0.7446,22.1,11.3,5.71,1.88,304.3,22.48,12.85
248.6,0.8068,0.3542,0.2548,0.7094,36.0,13.3,6.92,2.0,596.5,30.76,12.19
279.3,0.6364,0.2609,0.6567,0.5324,33.2,7.6,7.42,0.22,592.9,46.16,12.22
331.0,0.8464,0.5579,0.6545,0.9299,33.0,8.7,5.1,5.08,695.7,7.34,12.85
432.7,0.8018,0.3739,0.372,0.6701,29.1,8.9,7.0,2.58,741.5,17.46,12.85
443.8,0.621,0.1174,0.4967,0.4763,26.2,13.6,8.52,0.34,630.2,86.5,12.85
221.8,0.6731,0.5014,0.295,0.5431,24.1,8.7,8.06,0.31,268.8,53.58,11.18
352.8,0.7809,0.2701,0.3637,0.7589,26.0,12.2,7.86,0.2,493.4,79.54,12.85
328.5,0.6997,0.2267,0.4203,0.5707,27.3,8.9,9.09,0.22,501.5,66.43,12.85
277.7,0.7727,0.4013,0.6287,0.8022,32.6,14.8,5.08,2.07,571.8,24.43,12.85
251.2,0.8334,0.454,0.3111,0.8107,29.6,15.5,7.51,0.95,440.9,59.55,12.85
307.8,0.6557,0.5803,0.5056,0.5717,23.1,11.7,8.54,2.29,341.2,30.28,12.85
465.2,0.6102,0.2408,0.4217,0.4869,22.3,10.2,7.44,2.06,476.9,24.74,12.85
304.0,0.729,0.2813,0.5366,0.663,23.4,9.1,6.46,1.39,347.6,24.59,12.85
354.9,0.8589,0.3588,0.3828,0.9011,27.7,7.4,5.61,1.74,558.8,15.26,12.85
402.8,0.7581,0.5756,0.5123,0.7482,35.1,9.4,8.99,0.03,929.0,82.4,12.85
314.5,0.8958,0.3765,0.449,0.9909,30.9,12.9,7.12,0.56,595.2,58.79,12.85
472.7,0.8968,0.3294,0.3931,0.9499,33.2,11.8,8.95,1.52,1003.3,41.87,12.85
470.2,0.8618,0.4356,0.6195,0.9554,28.5,15.5,7.64,0.01,777.3,116.69,12.85
285.5,0.8109,0.387,0.5721,0.8459,27.1,10.6,8.03,0.05,430.0,80.82,12.85
349.3,0.7202,0.3514,0.4229,0.6912,23.5,13.2,8.62,2.86,402.3,29.54,12.85
298.2,0.6293,0.212,0.4168,0.4787,34.3,11.4,7.97,1.73,663.9,33.3,12.85
294.1,0.612,0.4116,0.2172,0.4538,33.0,11.6,6.79,0.46,616.5,53.92,12.85
229.6,0.7483,0.3142,0.2441,0.6408,24.4,9.4,7.31,1.75,283.6,25.05,11.16
378.5,0.8237,0.585,0.4757,0.8403,29.2,11.1,8.61,2.36,649.9,28.45,12.85
350.7,0.7912,0.4029,0.3731,0.7396,28.8,11.2,6.68,0.55,590.0,48.45,12.85
233.4,0.6396,0.4007,0.349,0.5398,30.8,13.4,6.75,0.06,437.6,85.43,11.92
292.4,0.9096,0.626,0.4502,1.0489,35.2,15.5,5.43,4.05,679.8,16.63,12.85
456.1,0.737,0.529,0.5988,0.7341,30.1,10.0,9.12,0.64,826.4,55.55,12.85
282.3,0.7949,0.6132,0.7338,0.8323,29.6,7.4,5.41,0.17,495.8,34.15,12.85
257.7,0.7602,0.2413,0.4773,0.6768,22.7,11.5,7.92,1.02,275.8,45.04,11.98
347.3,0.7415,0.3081,0.4644,0.7141,22.9,11.9,6.86,2.19,377.8,25.55,12.85
476.3,0.7405,0.5013,0.4452,0.643,24.6,8.5,6.83,0.38,601.2,42.25,12.85
282.9,0.6224,0.1556,0.3027,0.4923,22.5,13.8,8.06,0.47,295.8,75.84,12.56
394.8,0.6142,0.2922,0.461,0.4827,32.4,15.9,5.3,0.42,805.6,59.36,12.85
418.0,0.7687,0.4246,0.3921,0.694,32.1,15.5,7.67,7.18,841.3,14.54,12.85
281.8,0.8186,0.538,0.6008,0.7841,23.9,8.8,8.47,0.33,335.5,55.91,12.85
409.3,0.7848,0.4684,0.4688,0.8033,33.7,14.9,8.73,1.29,888.5,56.82,12.85
315.6,0.5953,0.1772,0.3576,0.4544,24.2,13.3,5.77,3.89,384.0,15.73,12.23
384.4,0.8613,0.3856,0.6471,0.9211,26.2,11.1,9.04,0.24,546.5,80.91,12.85
384.7,0.7439,0.571,0.5745,0.6934,25.5,11.9,7.95,5.3,518.8,14.97,12.85
359.3,0.7044,0.5053,0.3345,0.601,27.2,14.6,8.97,4.42,546.6,24.24,12.85
243.5,0.7128,0.4258,0.4889,0.6445,25.6,11.3,7.18,3.24,330.3,19.19,11.24
437.2,0.847,0.4144,0.5581,0.7952,28.8,10.4,7.44,0.36,736.4,56.57,12.85
303.4,0.7314,0.5119,0.3494,0.6855,27.7,11.4,9.14,1.51,476.5,41.67,12.85
268.5,0.663,0.456,0.3885,0.5721,35.8,12.2,9.05,2.15,639.3,35.13,12.85
230.6,0.8167,0.1911,0.2218,0.7169,22.8,8.7,7.02,6.41,248.7,8.24,10.34
373.6,0.7912,0.1351,0.4078,0.6719,24.0,15.1,6.23,0.3,448.0,72.55,12.85
396.2,0.6686,0.4382,0.504,0.5936,22.7,13.1,6.77,2.18,425.5,27.83,12.85
224.3,0.8785,0.3673,0.4383,0.9884,30.8,12.7,6.74,0.62,420.9,52.86,11.25
353.1,0.6592,0.4166,0.4348,0.5552,22.8,7.9,6.29,0.29,380.1,38.51,12.85
278.9,0.7967,0.456,0.4622,0.8076,33.7,12.4,6.21,0.82,605.5,42.41,12.85
387.7,0.8469,0.5272,0.6147,0.8794,29.2,8.1,8.87,2.37,665.6,21.31,12.85
265.3,0.7403,0.4461,0.5863,0.7437,29.4,7.7,5.31,0.94,461.1,21.14,12.18
399.6,0.815,0.3306,0.6929,0.8536,29.9,11.7,8.05,1.16,713.9,43.84,12.85
320.6,0.7737,0.377,0.6181,0.743,24.4,10.6,5.78,8.0,397.2,6.82,12.85
463.5,0.8199,0.4796,0.7256,0.8328,24.8,12.3,6.55,0.76,591.8,45.67,12.85
255.8,0.791,0.4375,0.7377,0.824,26.5,7.8,5.28,1.43,369.9,16.92,11.93
308.7,0.847,0.5113,0.2926,0.8207,30.3,10.9,6.21,0.68,565.2,40.2,12.85
249.5,0.775,0.2216,0.552,0.6994,24.9,8.6,8.46,0.75,322.9,41.47,11.59
460.4,0.5499,0.2341,0.2689,0.3964,23.6,15.9,8.98,1.78,535.4,51.24,12.85
448.1,0.8566,0.4837,0.4404,0.9306,35.6,12.1,6.0,4.17,1056.7,13.98,12.85
287.1,0.7684,0.4361,0.528,0.7719,22.3,13.2,7.09,1.17,295.9,43.01,12.85
391.6,0.7609,0.2271,0.5394,0.6321,33.2,9.9,7.12,2.19,831.7,22.12,12.85
432.5,0.716,0.571,0.4204,0.6611,33.0,7.9,8.93,0.14,909.6,61.51,12.85
364.4,0.8617,0.325,0.4375,0.8602,26.2,15.8,8.43,0.36,516.0,98.16,12.85
357.7,0.5803,0.38,0.2839,0.4393,23.9,9.6,7.31,1.05,425.6,34.21,12.85
282.9,0.826,0.4348,0.4906,0.8997,24.0,10.8,8.02,0.03,340.6,84.16,12.85
244.2,0.8053,0.2034,0.2338,0.7148,31.8,12.8,8.81,0.44,482.7,78.79,11.88
453.3,0.8409,0.1535,0.3272,0.7201,31.0,7.2,5.04,1.09,861.2,17.4,12.85
454.1,0.8614,0.4003,0.5665,0.8908,33.0,14.3,6.81,0.02,951.7,95.22,12.85
384.6,0.7912,0.4433,0.4828,0.7995,35.1,11.8,9.08,0.46,889.4,73.54,12.85
308.1,0.7442,0.3946,0.5669,0.5956,31.7,9.5,8.33,1.08,606.6,38.02,12.85
310.8,0.7154,0.3479,0.3858,0.6715,24.2,7.6,7.44,1.28,378.6,24.69,12.85
408.7,0.79,0.4832,0.6511,0.7615,25.4,8.5,7.38,3.9,548.1,12.75,12.85
453.2,0.7855,0.2725,0.4497,0.6614,33.8,15.1,6.56,1.55,987.7,38.69,12.85
450.6,0.6866,0.38,0.2726,0.5599,24.9,13.2,7.34,0.8,582.7,53.63,12.85
422.8,0.7296,0.5442,0.4636,0.6788,23.0,9.2,7.95,4.0,465.7,14.72,12.85
386.9,0.8359,0.2922,0.4762,0.778,31.8,7.6,6.88,2.3,767.9,15.81,12.85
241.9,0.8834,0.6382,0.5782,1.0055,27.6,13.2,8.21,0.33,378.2,81.33,12.85
262.0,0.9075,0.3922,0.4341,1.0295,34.9,12.2,8.88,0.21,599.5,89.11,12.85
453.6,0.7709,0.5541,0.6317,0.8012,31.1,10.6,5.7,1.69,866.6,22.53,12.85
377.7,0.6909,0.5318,0.2837,0.5799,23.3,10.3,7.03,1.23,425.5,32.38,12.85
222.4,0.8209,0.4913,0.7255,0.8886,35.3,9.0,6.84,2.34,517.5,18.33,11.11
246.4,0.6774,0.5513,0.3666,0.5896,25.6,13.0,8.09,2.01,335.6,34.98,12.45
392.5,0.6715,0.4353,0.3187,0.5705,26.7,15.7,6.12,1.47,577.8,38.98,12.85
221.3,0.6695,0.178,0.5077,0.5189,27.6,8.6,7.88,6.44,346.0,9.08,9.8
261.8,0.5893,0.4405,0.3844,0.439,22.7,12.4,8.95,1.14,280.6,51.65,12.7
362.7,0.8595,0.3378,0.6567,0.9087,29.0,10.8,6.88,0.18,614.8,63.08,12.85
399.9,0.8665,0.5759,0.3979,0.8666,23.7,11.0,9.1,2.64,468.9,27.53,12.85
389.5,0.7965,0.4125,0.3966,0.706,27.6,9.3,9.47,0.44,608.2,61.27,12.85
278.3,0.8919,0.3469,0.4606,0.95,26.9,14.4,5.48,2.25,415.0,24.29,12.85
405.2,0.7252,0.3922,0.5562,0.6203,32.8,11.4,6.05,4.72,843.5,12.01,12.85
281.7,0.6809,0.5589,0.6176,0.6135,33.2,11.9,9.28,1.79,598.4,39.54,12.85
304.6,0.8801,0.4061,0.6584,0.8623,24.1,9.7,9.31,1.36,370.0,38.45,12.85
414.1,0.8876,0.5426,0.6144,0.9902,27.1,8.6,5.44,0.93,626.6,24.4,12.85
388.9,0.8134,0.3666,0.5286,0.8509,27.2,7.8,5.07,0.68,592.2,23.45,12.85
440.8,0.6651,0.4545,0.3523,0.5804,24.1,13.4,5.72,0.65,534.2,46.5,12.85
391.0,0.7989,0.2589,0.3827,0.7377,33.2,8.8,9.48,1.52,828.0,33.02,12.85
367.8,0.7489,0.2321,0.476,0.6712,31.9,13.2,5.81,2.09,731.9,24.86,12.85
244.4,0.9057,0.4846,0.4024,1.0228,24.7,10.5,7.26,1.7,309.5,28.25,12.44
315.6,0.8447,0.2159,0.3572,0.7992,27.1,10.7,8.82,0.33,477.6,71.13,12.85
289.0,0.5986,0.3546,0.2465,0.4698,23.5,11.2,5.09,1.02,331.8,28.26,12.55
283.4,0.5723,0.1124,0.3529,0.4271,30.8,10.3,7.72,2.35,532.7,23.74,11.94
473.0,0.8975,0.5409,0.5755,0.9213,23.7,7.9,6.25,0.97,553.4,25.09,12.85
322.2,0.662,0.3286,0.6745,0.5771,35.8,9.8,8.88,1.15,766.9,40.35,12.85
451.9,0.7761,0.4724,0.478,0.7903,32.9,13.0,6.28,2.21,945.9,25.35,12.85
384.1,0.6307,0.3545,0.587,0.5056,27.5,13.0,8.09,1.62,593.9,40.06,12.85
426.7,0.7653,0.3171,0.5372,0.6969,30.1,9.6,8.03,0.79,772.2,42.98,12.85
350.7,0.7988,0.4028,0.5357,0.8235,34.8,11.1,6.0,3.39,798.1,15.23,12.85
370.0,0.8059,0.6404,0.5275,0.8381,29.8,8.7,5.16,0.27,657.0,35.6,12.85
348.1,0.7118,0.4892,0.4167,0.6263,24.4,8.9,6.84,8.11,433.1,6.68,12.85
270.8,0.8589,0.3142,0.616,0.8544,27.3,7.2,6.3,0.19,414.3,38.17,12.65
407.8,0.8786,0.2823,0.4841,0.844,33.8,15.1,8.64,0.02,889.3,127.34,12.85
293.0,0.8528,0.3582,0.5295,0.943,31.0,8.9,8.6,3.31,557.3,17.75,12.71
226.3,0.6507,0.1873,0.2006,0.5113,31.1,9.0,7.06,0.42,432.5,44.92,10.38
387.8,0.8757,0.3624,0.495,0.9888,34.1,9.5,7.73,1.96,858.5,24.83,12.85
266.0,0.7517,0.3752,0.3841,0.7285,34.5,8.1,7.72,2.5,599.0,17.97,12.43
464.5,0.6665,0.4731,0.3979,0.589,34.9,12.8,8.72,2.94,1062.7,28.24,12.85
468.0,0.8291,0.4126,0.3066,0.6947,23.3,7.7,6.91,7.17,530.2,6.5,12.85
457.9,0.7244,0.298,0.6073,0.6575,29.6,8.2,6.24,0.52,806.7,33.64,12.85
316.2,0.7717,0.3212,0.3987,0.711,32.4,12.8,6.19,1.86,644.1,27.74,12.85
224.0,0.6169,0.4818,0.3403,0.4823,32.6,10.1,7.41,0.18,461.4,62.97,11.53
461.4,0.864,0.4787,0.4813,0.9091,30.5,13.4,7.02,0.78,853.2,52.64,12.85
331.3,0.7781,0.3686,0.5779,0.8119,24.3,12.0,6.98,2.83,408.7,21.93,12.85
471.3,0.6997,0.4094,0.4873,0.6367,33.2,9.3,5.41,0.69,997.5,29.83,12.85
470.5,0.6994,0.4665,0.5915,0.6557,32.1,12.9,8.23,1.34,944.9,45.21,12.85
441.8,0.645,0.2741,0.3506,0.4968,23.2,8.0,5.96,1.05,495.1,23.39,12.85
296.6,0.7592,0.4803,0.5931,0.6955,28.5,11.8,5.89,1.56,489.1,27.22,12.85
320.1,0.6747,0.3266,0.2561,0.5366,24.4,10.9,6.86,5.41,398.1,11.69,12.73
441.3,0.7006,0.4658,0.635,0.6445,26.7,9.4,6.03,0.09,649.8,52.21,12.85
302.4,0.7991,0.639,0.7232,0.8441,22.3,12.4,7.63,1.28,310.1,41.61,12.85
264.1,0.9015,0.3509,0.5427,0.9798,27.6,14.8,6.67,2.98,412.1,24.87,12.85
364.8,0.5791,0.2932,0.2964,0.4325,29.7,16.0,7.02,0.98,645.6,56.55,12.85
463.4,0.7012,0.2501,0.473,0.6081,30.7,12.5,7.42,0.12,865.4,82.39,12.85
401.0,0.7341,0.2987,0.5847,0.6826,31.3,10.6,5.92,1.23,773.4,28.19,12.85
368.2,0.8327,0.4754,0.4377,0.7995,33.7,9.0,5.7,0.61,799.3,32.06,12.85
245.3,0.7713,0.4216,0.6066,0.7814,25.0,9.3,8.96,0.25,319.2,66.64,12.18
379.9,0.8256,0.4741,0.4102,0.8714,23.7,11.3,6.95,2.84,444.0,20.51,12.85
477.4,0.7478,0.3064,0.3668,0.7118,33.9,10.3,6.85,1.11,1046.6,33.54,12.85
256.4,0.8611,0.4663,0.4516,0.8362,24.2,15.2,5.16,4.06,312.6,15.52,11.73
354.8,0.6916,0.263,0.4944,0.5801,35.6,10.3,7.24,2.46,838.9,21.59,12.85
448.1,0.5693,0.2336,0.277,0.427,33.8,10.4,7.49,1.77,976.7,28.02,12.85
412.6,0.877,0.4298,0.6601,0.8563,29.0,10.5,7.51,0.01,701.9,77.95,12.85
401.2,0.644,0.5088,0.4728,0.5464,35.7,14.5,8.18,0.84,952.5,64.7,12.85
402.6,0.8105,0.3885,0.5838,0.8206,23.4,12.9,5.8,0.33,457.5,56.06,12.85
313.5,0.7066,0.3584,0.3786,0.6589,26.2,12.5,6.14,3.63,446.5,16.62,12.72
296.3,0.6174,0.3315,0.6113,0.4692,30.9,10.0,8.65,0.29,561.1,67.2,12.85
430.4,0.7383,0.3174,0.4377,0.6629,26.9,14.4,9.26,0.51,641.4,88.36,12.85
430.6,0.6555,0.3387,0.3028,0.5268,35.0,7.3,5.61,1.09,990.3,19.71,12.85
445.4,0.6132,0.217,0.3956,0.4778,22.9,14.8,7.24,0.46,486.4,73.65,12.85
457.4,0.8244,0.5682,0.7097,0.8714,29.7,11.6,5.96,0.35,809.3,51.18,12.85
352.9,0.7493,0.1166,0.1695,0.6036,30.3,10.6,5.27,1.37,644.9,23.53,12.85
350.4,0.7171,0.4498,0.4573,0.6387,31.1,11.5,6.46,0.14,670.6,65.09,12.85
427.6,0.6342,0.3448,0.3462,0.5016,25.6,13.0,5.65,0.09,580.6,67.39,12.85
389.0,0.7554,0.6282,0.6554,0.7617,27.1,7.1,8.19,0.7,587.5,34.33,12.85
402.5,0.7078,0.5509,0.5031,0.6469,33.8,14.8,7.4,1.91,877.9,37.72,12.85
426.9,0.7484,0.3103,0.4426,0.6449,24.7,11.0,5.65,1.21,543.4,28.11,12.85
451.4,0.695,0.4777,0.6671,0.6222,33.6,10.1,5.04,0.82,974.0,27.87,12.85
307.9,0.8828,0.3483,0.688,0.9607,29.9,8.2,8.64,1.25,550.4,31.63,12.85
317.7,0.806,0.6557,0.4665,0.8594,32.7,11.0,5.79,0.68,656.6,37.72,12.85
244.4,0.8798,0.3575,0.5266,0.8209,32.0,11.5,7.73,4.13,488.6,17.29,11.43
370.4,0.8461,0.5311,0.6726,0.9218,24.9,10.6,6.52,0.08,477.9,63.87,12.85
229.3,0.8406,0.6507,0.5668,0.9198,30.0,13.1,7.63,1.68,412.0,37.36,12.45
341.1,0.833,0.6095,0.4792,0.9025,34.1,10.8,6.42,3.33,755.4,16.0,12.85
361.1,0.741,0.4557,0.6941,0.7053,28.0,15.7,5.39,2.44,579.5,24.51,12.85
294.5,0.8104,0.4279,0.4847,0.812,35.5,12.4,6.0,0.31,693.0,57.01,12.85
373.6,0.7698,0.4019,0.6275,0.7075,28.3,14.3,5.85,0.53,610.2,54.65,12.85
227.9,0.8562,0.4428,0.7215,0.9152,24.0,8.0,6.93,1.89,273.5,19.11,11.38
229.7,0.8042,0.3707,0.6826,0.7831,27.5,10.6,7.96,0.13,355.0,74.38,11.97
433.9,0.8532,0.6148,0.4096,0.8944,35.3,10.0,6.19,2.51,1012.0,17.7,12.85
313.6,0.8752,0.3874,0.633,0.8734,26.5,12.1,5.05,1.9,454.0,21.11,12.85
253.0,0.7722,0.3137,0.715,0.7677,34.2,14.8,7.34,1.96,560.6,36.53,12.31
355.8,0.7685,0.4613,0.5718,0.7754,34.3,7.7,7.73,0.16,794.7,51.39,12.85
420.2,0.6806,0.225,0.2534,0.5485,26.9,7.7,9.33,1.9,626.2,24.65,12.85
276.1,0.8121,0.5301,0.6387,0.8505,23.2,14.7,7.65,1.71,308.3,41.4,12.85
382.0,0.8035,0.318,0.5233,0.7838,32.1,8.9,7.12,2.67,769.4,17.32,12.85
242.2,0.7319,0.391,0.7313,0.7199,26.4,13.0,7.58,0.06,347.8,92.77,12.49
233.4,0.7555,0.3685,0.4875,0.6928,33.0,11.9,9.18,0.04,489.3,105.36,12.33
358.2,0.7586,0.2135,0.4239,0.6873,28.2,14.5,8.73,0.7,580.1,74.41,12.85
360.6,0.9141,0.6089,0.5416,1.0655,28.8,8.1,6.45,0.24,605.5,42.23,12.85
385.7,0.7787,0.5216,0.4912,0.6881,32.9,8.2,6.07,1.23,805.8,22.26,12.85
408.8,0.8309,0.3916,0.6201,0.8862,27.4,12.0,6.18,3.74,627.6,15.67,12.85
473.7,0.7926,0.2929,0.6487,0.7561,28.2,15.5,7.27,0.75,767.6,64.64,12.85
354.2,0.7517,0.5383,0.5397,0.7017,27.3,10.7,8.35,2.8,540.8,23.61,12.85
304.0,0.7337,0.4287,0.6181,0.6413,27.1,9.9,7.26,0.0,460.3,72.2,12.85
426.7,0.7528,0.5929,0.4067,0.713,29.4,12.5,5.31,0.28,741.0,51.77,12.85
290.4,0.6773,0.4224,0.2733,0.5742,33.3,15.4,8.26,0.05,619.3,121.31,12.85
334.1,0.6008,0.1519,0.1692,0.4481,27.1,14.5,8.63,0.6,503.4,78.52,12.85
240.4,0.6791,0.3227,0.2892,0.568,29.3,16.0,6.3,3.58,416.8,21.95,11.0
226.6,0.5523,0.2937,0.2925,0.3979,31.4,7.2,7.99,0.15,439.4,49.91,10.93
470.3,0.9182,0.5359,0.5111,1.0886,25.8,8.0,6.92,1.4,647.7,23.12,12.85
437.4,0.8788,0.6617,0.6491,1.0013,25.9,12.5,9.0,0.9,607.3,59.12,12.85
401.0,0.8922,0.4388,0.4083,0.8922,35.1,14.4,8.8,4.18,924.9,24.44,12.85
326.3,0.7625,0.4021,0.5482,0.7517,32.1,9.6,7.36,0.2,656.9,58.91,12.85
265.1,0.6492,0.2035,0.4525,0.5438,30.1,9.2,8.11,0.36,479.2,54.7,11.8
260.7,0.8488,0.3306,0.4324,0.8852,31.1,14.1,8.98,0.04,497.1,120.95,12.85
285.1,0.7148,0.6301,0.6269,0.6891,22.4,7.5,7.23,0.85,296.8,29.29,12.85
362.8,0.9076,0.3785,0.6344,1.0584,30.7,10.3,6.41,0.49,676.7,44.47,12.85
405.8,0.6512,0.2757,0.3093,0.5533,29.1,11.6,8.39,3.06,695.3,23.88,12.85
391.7,0.8324,0.3755,0.7167,0.878,29.6,12.0,5.99,1.39,690.9,30.15,12.85
292.8,0.853,0.3423,0.4288,0.7948,27.0,13.6,6.75,1.43,440.1,37.68,12.85
468.3,0.8203,0.5296,0.4509,0.8905,23.1,10.2,8.9,1.14,521.7,42.4,12.85
411.9,0.7702,0.3203,0.2962,0.6232,24.7,12.5,8.26,0.14,523.3,90.31,12.85
364.1,0.8331,0.5787,0.4899,0.8443,35.3,12.3,6.82,0.88,848.8,44.41,12.85
379.0,0.8325,0.5266,0.6159,0.8546,27.7,11.9,5.97,11.42,595.9,5.73,12.85
329.1,0.7247,0.5255,0.5833,0.6889,28.5,12.8,6.6,2.7,544.1,22.75,12.85
284.4,0.6984,0.2835,0.241,0.5635,22.7,9.3,6.28,3.36,305.4,13.45,11.68
312.6,0.8525,0.4173,0.5494,0.9435,22.5,7.8,5.79,2.6,329.0,12.49,12.85
417.0,0.6902,0.3088,0.3909,0.5656,32.0,8.1,8.34,0.16,835.8,57.92,12.85
223.7,0.7348,0.5855,0.675,0.6944,29.5,9.0,6.13,0.39,392.3,39.9,11.33
250.2,0.7952,0.1664,0.6448,0.7033,29.1,11.5,7.04,0.0,428.4,80.64,12.02
232.0,0.7661,0.1997,0.2684,0.6833,25.4,14.6,6.74,0.54,310.9,63.6,11.1
230.6,0.8704,0.3164,0.5424,0.895,32.4,13.3,9.42,0.17,471.0,106.94,12.24
442.4,0.8437,0.2211,0.4244,0.8198,24.4,14.1,6.76,0.96,546.6,48.63,12.85
403.0,0.6664,0.2758,0.5946,0.5352,24.7,10.2,5.36,1.7,510.1,20.2,12.85
343.3,0.8169,0.1462,0.3205,0.719,28.4,10.6,5.4,3.11,564.7,13.98,12.58
245.4,0.7522,0.5358,0.312,0.6858,26.0,10.5,7.66,2.07,343.8,26.26,12.3
347.8,0.7528,0.4975,0.5112,0.7407,25.5,8.7,7.7,4.19,468.3,12.95,12.85
343.1,0.8949,0.571,0.7017,1.021,31.0,7.6,6.88,0.08,653.0,48.0,12.85
265.0,0.6824,0.3884,0.33,0.539,31.1,12.3,6.94,0.02,506.6,83.99,12.85
332.8,0.8202,0.5022,0.3595,0.7784,33.5,15.9,5.24,1.62,717.0,31.77,12.85
323.6,0.5771,0.2263,0.4118,0.4338,27.8,8.5,7.32,0.51,512.9,41.17,12.85
380.1,0.6932,0.1398,0.1904,0.537,23.0,7.4,7.27,0.44,419.0,37.51,12.85
385.1,0.7207,0.4078,0.4666,0.6794,25.8,14.0,5.67,0.6,532.7,49.61,12.85
231.8,0.7696,0.546,0.3716,0.7429,35.7,9.3,5.47,0.47,549.8,34.45,11.45
317.4,0.8619,0.1883,0.3408,0.7776,30.3,14.5,5.56,1.07,582.4,38.75,12.85
382.7,0.6942,0.2696,0.5847,0.5794,31.9,13.3,5.45,0.87,763.0,38.9,12.85
350.8,0.5586,0.2841,0.432,0.406,22.1,15.5,7.74,1.08,354.4,57.82,12.85
442.7,0.7832,0.417,0.6628,0.8013,29.3,10.7,5.88,1.68,763.9,23.49,12.85
391.3,0.7545,0.5717,0.4491,0.7722,22.5,13.0,6.13,0.73,411.8,45.81,12.85
262.4,0.6065,0.3427,0.2792,0.4679,30.0,11.2,5.78,0.43,471.4,45.08,11.84
238.3,0.8099,0.1811,0.3431,0.7251,34.9,12.7,9.31,0.27,545.6,92.73,11.73
387.0,0.8696,0.5437,0.6292,0.9639,35.6,11.0,8.85,0.64,911.8,59.4,12.85
226.9,0.79,0.496,0.6822,0.8263,29.6,8.7,6.04,2.03,398.6,17.32,11.39
372.3,0.7817,0.2501,0.3703,0.7276,28.4,11.6,6.47,2.12,611.1,24.01,12.85
464.5,0.5965,0.1779,0.3639,0.4456,35.2,11.8,5.94,1.65,1079.0,26.38,12.85
369.6,0.577,0.4362,0.4806,0.4253,31.4,14.3,7.21,0.4,718.2,73.66,12.85
320.9,0.8135,0.54,0.4581,0.8062,22.9,13.6,5.09,1.33,350.1,29.74,12.85
387.3,0.8257,0.5601,0.6652,0.7865,28.5,13.0,8.02,1.27,639.8,45.88,12.85
339.1,0.6071,0.195,0.4255,0.4525,25.4,8.0,7.35,0.99,453.2,29.59,12.85
361.9,0.8339,0.4322,0.5144,0.8413,28.6,13.5,9.04,1.2,599.9,55.5,12.85
464.8,0.5904,0.391,0.5142,0.4339,28.4,11.5,5.74,1.02,761.1,32.76,12.85
320.4,0.8168,0.3284,0.3894,0.851,30.2,15.0,8.62,1.25,581.5,57.63,12.85
469.9,0.6984,0.3293,0.563,0.5967,27.0,15.3,8.56,1.89,704.6,45.34,12.85
455.4,0.8295,0.3522,0.5332,0.6976,24.3,7.5,5.57,0.17,560.1,35.58,12.85
270.9,0.751,0.4156,0.6231,0.7129,29.1,14.4,6.79,2.08,462.0,31.76,12.85
238.0,0.7683,0.3069,0.3599,0.7043,33.6,7.3,5.77,0.22,514.7,34.71,11.02
246.2,0.799,0.6352,0.6002,0.849,31.3,10.3,6.15,0.1,475.1,57.4,12.85
224.7,0.858,0.4847,0.4696,0.8733,26.7,11.9,6.18,5.6,331.2,11.13,10.85
244.6,0.675,0.229,0.653,0.5636,35.1,8.3,7.5,4.72,564.9,10.93,10.51
397.6,0.7152,0.4565,0.7169,0.6778,34.8,13.7,6.85,0.09,905.3,85.94,12.85
238.5,0.8182,0.3125,0.447,0.7465,24.9,7.1,9.26,0.88,308.4,34.9,11.55
302.9,0.8977,0.5036,0.4625,1.0282,22.6,8.5,5.57,0.31,319.7,36.23,12.85
439.7,0.8859,0.5397,0.3144,0.8761,32.4,12.2,9.38,1.0,896.0,57.46,12.85
226.1,0.7419,0.5277,0.6694,0.6936,33.6,13.4,6.04,2.66,488.0,22.16,11.5
431.8,0.663,0.2719,0.3358,0.5122,35.6,15.2,8.48,4.51,1016.8,23.46,12.85
293.3,0.7479,0.4822,0.3204,0.6813,34.5,13.3,6.53,1.51,658.6,34.72,12.85
250.7,0.8629,0.6241,0.5912,0.9437,30.4,13.0,5.64,0.66,461.5,44.48,12.85
401.2,0.8255,0.363,0.4389,0.8697,29.4,10.5,8.86,1.39,698.8,39.16,12.85
383.5,0.7028,0.1604,0.5812,0.588,22.4,7.0,6.39,0.56,398.5,28.7,12.85
448.1,0.7302,0.2164,0.2506,0.6213,25.5,8.1,7.96,3.61,602.9,13.97,12.85
411.1,0.7046,0.3628,0.4654,0.6754,28.4,11.8,7.55,3.06,675.7,21.93,12.85
428.9,0.8899,0.5706,0.4314,1.0173,30.8,13.1,7.12,1.23,806.3,41.85,12.85
293.3,0.648,0.1177,0.2962,0.5045,29.8,10.8,7.23,0.59,522.2,48.95,12.31
266.1,0.7872,0.4929,0.527,0.7415,32.4,13.6,8.3,0.52,542.8,74.04,12.85
415.2,0.7663,0.2072,0.286,0.6898,25.9,11.7,5.39,0.05,577.8,60.04,12.85
429.8,0.7633,0.3376,0.6392,0.7734,29.9,7.7,8.01,2.54,769.7,17.35,12.85
477.5,0.646,0.1897,0.4412,0.5004,23.2,8.7,9.03,0.9,536.5,41.54,12.85
327.3,0.598,0.1557,0.3273,0.4694,27.8,14.6,5.26,0.59,516.8,48.17,12.85
316.7,0.8821,0.4308,0.4477,0.9639,32.5,13.5,5.63,0.96,649.4,38.96,12.85
421.9,0.8278,0.3485,0.1876,0.6989,31.7,15.1,8.22,2.56,831.4,34.76,12.85
308.6,0.7148,0.4137,0.6048,0.6471,35.9,8.1,6.97,0.2,736.6,46.8,12.85
462.0,0.7423,0.3474,0.3624,0.6764,25.9,15.9,6.82,2.92,641.7,27.64,12.85
443.2,0.8087,0.517,0.3522,0.7481,29.0,8.9,5.62,3.42,752.3,11.3,12.85
331.5,0.8708,0.3244,0.6535,0.8572,26.6,7.1,7.28,4.4,484.5,9.58,12.85
415.2,0.879,0.2568,0.5348,0.9059,28.2,16.0,5.57,0.76,671.4,50.56,12.85
416.2,0.6103,0.4165,0.4892,0.4754,34.0,9.5,7.14,0.37,915.5,49.8,12.85
246.8,0.854,0.321,0.5772,0.8728,31.6,13.0,8.44,0.7,483.2,64.51,12.21
454.7,0.8405,0.3457,0.3938,0.8966,34.4,8.6,6.16,0.61,1016.4,32.93,12.85
351.4,0.8593,0.3258,0.489,0.9225,24.8,12.2,7.16,0.29,451.5,67.84,12.85
434.9,0.7598,0.1405,0.3016,0.6422,34.2,15.1,9.46,1.4,966.6,59.64,12.85
303.2,0.8516,0.2802,0.2099,0.7593,22.8,9.9,8.09,0.97,328.6,40.56,12.85
452.8,0.7311,0.1768,0.4758,0.6305,34.4,13.0,8.79,3.01,1016.2,28.54,12.85
321.2,0.8717,0.2717,0.3381,0.8495,26.6,8.7,6.87,0.05,469.2,56.9,12.85
222.8,0.6836,0.4972,0.4878,0.5942,26.4,12.6,8.46,1.55,321.0,41.88,11.58
455.4,0.8518,0.4444,0.3992,0.8924,29.2,10.0,5.18,2.16,781.9,16.45,12.85
243.7,0.6846,0.1768,0.5103,0.536,35.2,8.9,5.55,2.14,564.7,15.75,10.96
303.0,0.5811,0.3477,0.1747,0.4285,22.7,9.8,5.91,3.26,323.3,13.64,12.09
467.0,0.7169,0.3177,0.5778,0.6341,26.9,8.6,6.81,1.96,697.3,19.81,12.85
467.2,0.784,0.389,0.5916,0.781,34.0,15.1,8.81,3.94,1027.4,26.93,12.85
369.1,0.7753,0.4385,0.3011,0.6706,27.5,10.6,6.56,0.61,573.7,43.16,12.85
384.3,0.8248,0.4073,0.5549,0.8379,24.8,9.2,7.95,1.05,491.4,35.7,12.85
336.6,0.6894,0.2347,0.3779,0.5782,27.9,11.0,8.19,0.02,536.8,88.52,12.85
296.2,0.712,0.4796,0.5797,0.6942,27.4,9.9,7.64,0.01,456.1,74.72,12.85
305.5,0.7769,0.648,0.4834,0.7995,34.8,13.7,6.61,0.41,696.9,64.11,12.85
394.9,0.7255,0.5371,0.5516,0.6288,32.7,15.7,7.6,0.16,816.0,103.14,12.85
415.6,0.6677,0.3691,0.6228,0.548,29.1,10.9,6.54,0.45,709.5,49.28,12.85
425.8,0.7666,0.2374,0.5455,0.7045,35.8,14.7,5.38,0.29,1015.0,61.37,12.85
425.3,0.8637,0.4242,0.4261,0.8033,28.5,12.1,9.47,0.04,702.3,109.73,12.85
243.7,0.7748,0.393,0.6525,0.7624,22.8,8.4,5.57,3.6,263.6,10.19,10.79
348.5,0.7114,0.5599,0.6025,0.6866,25.7,13.2,5.33,0.01,476.5,69.52,12.85
235.0,0.8656,0.4956,0.5586,0.9157,28.1,11.6,8.95,2.0,378.4,34.7,12.27
362.9,0.764,0.3659,0.7213,0.7681,24.2,12.9,6.36,0.25,442.6,65.52,12.85
334.8,0.8362,0.2913,0.4265,0.8034,35.3,15.0,7.93,3.65,778.9,25.58,12.85
450.8,0.7064,0.4579,0.2431,0.5795,32.7,11.0,6.48,3.35,934.8,16.34,12.85
311.2,0.8889,0.4726,0.6694,0.9739,25.8,15.1,6.76,1.59,428.1,39.42,12.85
250.4,0.7636,0.543,0.4111,0.6906,30.3,13.8,6.18,1.67,457.6,31.8,12.54
257.2,0.7325,0.4412,0.4632,0.6979,32.1,11.4,6.54,0.01,516.9,73.99,12.85
418.0,0.7796,0.2731,0.4581,0.6935,35.2,12.4,6.85,6.29,968.8,11.68,12.85
380.7,0.6533,0.423,0.2815,0.5076,34.3,9.9,8.24,3.15,850.7,19.7,12.85
246.3,0.7607,0.5649,0.6081,0.7849,29.2,15.9,7.3,3.38,423.9,26.41,12.05
241.9,0.6006,0.329,0.387,0.4648,32.8,13.0,9.25,1.61,504.2,45.99,11.87
402.3,0.8717,0.3816,0.7605,0.9911,29.9,7.4,5.19,0.63,718.8,23.48,12.85
238.9,0.8368,0.3607,0.5138,0.9198,29.7,9.9,7.26,3.36,423.8,16.55,11.04
433.7,0.8788,0.62,0.4896,0.9666,23.6,12.6,7.63,0.52,503.4,63.42,12.85
403.6,0.6819,0.3522,0.7084,0.6247,23.8,7.5,9.14,1.24,474.9,30.62,12.85
241.2,0.683,0.4572,0.5524,0.6163,29.4,7.2,5.22,0.16,419.9,32.54,11.73
242.1,0.7989,0.5095,0.4078,0.8328,25.8,11.1,7.58,3.83,333.2,17.36,11.58
476.5,0.6515,0.2499,0.4627,0.5386,22.3,10.0,8.84,0.23,490.6,71.98,12.85
317.3,0.7599,0.2563,0.4755,0.7055,32.1,10.9,6.09,0.38,638.4,48.21,12.85
316.4,0.755,0.289,0.3725,0.7236,22.5,9.4,8.94,1.23,330.8,37.64,12.85
431.3,0.8693,0.3441,0.3816,0.8592,30.3,8.5,5.09,2.17,790.8,13.62,12.85
466.3,0.6974,0.4257,0.435,0.6145,29.5,13.2,8.3,1.45,818.3,44.73,12.85
476.4,0.851,0.2528,0.3303,0.8093,35.6,11.6,9.2,0.4,1122.5,76.63,12.85
415.9,0.7026,0.498,0.373,0.6409,28.8,8.8,7.96,0.0,697.8,69.94,12.85
317.8,0.7484,0.4528,0.5695,0.7466,22.9,9.9,6.98,2.12,346.1,22.06,12.85
241.7,0.6676,0.3594,0.414,0.5434,29.7,12.3,5.2,6.32,428.4,8.76,10.67
422.1,0.9125,0.442,0.6081,1.0663,33.8,7.7,9.14,2.49,919.0,20.03,12.85
365.2,0.836,0.528,0.3722,0.8664,36.0,8.3,7.12,0.92,874.8,30.79,12.85
330.3,0.8553,0.5703,0.4837,0.9275,28.0,7.7,5.13,3.51,529.3,8.71,12.85
455.7,0.81,0.2812,0.672,0.7972,26.5,14.3,8.1,0.79,660.0,64.75,12.85
248.9,0.8934,0.5959,0.4233,0.992,34.7,13.8,7.17,1.12,564.9,46.64,12.85
348.1,0.5603,0.2352,0.3482,0.4065,24.7,13.8,5.56,0.97,441.3,38.84,12.85
223.0,0.7916,0.559,0.7157,0.8129,30.6,13.4,5.96,0.89,415.0,42.43,11.56
341.9,0.7561,0.4481,0.3271,0.6109,27.7,13.0,5.29,2.24,536.0,21.27,12.85
234.6,0.8309,0.6381,0.59,0.894,22.6,11.3,7.58,1.12,248.1,40.36,12.36
250.9,0.8281,0.603,0.4612,0.9056,26.9,12.8,7.8,0.57,372.9,63.44,12.85
250.6,0.7136,0.2173,0.5625,0.6134,25.7,7.3,7.28,0.45,343.6,36.91,11.43
388.8,0.7222,0.3928,0.2819,0.6084,31.6,12.6,8.68,0.06,762.2,103.31,12.85
414.0,0.7111,0.3252,0.5189,0.6789,35.3,14.0,8.87,1.31,963.9,53.73,12.85
371.7,0.7347,0.2944,0.6299,0.632,25.8,11.5,7.77,0.39,511.2,64.21,12.85
470.2,0.7098,0.4952,0.4097,0.6887,33.4,10.2,5.06,0.24,1004.3,41.66,12.85
317.5,0.607,0.2421,0.3656,0.4637,22.8,9.5,8.13,1.59,342.1,29.79,12.85
294.3,0.8021,0.2735,0.4747,0.6879,29.5,12.8,6.88,1.71,516.0,32.41,12.85
445.8,0.7344,0.4222,0.586,0.7399,23.0,13.2,7.55,2.09,489.9,32.29,12.85
278.1,0.8803,0.5097,0.4014,0.9428,35.1,14.8,7.92,1.05,641.8,57.32,12.85
470.4,0.7411,0.5189,0.6245,0.7345,32.7,10.1,6.58,3.37,975.2,15.18,12.85
223.2,0.7776,0.2193,0.5751,0.7024,31.2,13.9,9.13,4.13,428.7,24.77,10.47
472.2,0.7076,0.3048,0.67,0.6627,33.5,12.1,5.6,2.47,1016.8,19.46,12.85
231.2,0.698,0.2984,0.5842,0.6386,31.1,14.9,8.02,1.51,440.8,47.68,11.55
451.7,0.7126,0.4464,0.4095,0.66,35.6,11.8,5.02,0.54,1064.4,38.23,12.85
357.2,0.7267,0.3522,0.5336,0.6911,32.0,11.7,9.16,6.11,714.2,15.03,12.85
478.2,0.8257,0.4206,0.6104,0.8262,34.9,12.2,5.51,0.48,1097.2,45.37,12.85
239.2,0.8731,0.376,0.6101,0.87,29.2,13.7,5.43,0.34,412.4,55.67,11.76
364.0,0.7645,0.4446,0.4977,0.6748,23.6,15.7,6.5,0.88,423.7,54.34,12.85
472.0,0.8723,0.4276,0.3981,0.9487,29.4,7.7,6.68,0.09,821.1,47.06,12.85
356.0,0.6763,0.4381,0.4795,0.5573,23.8,7.5,5.96,5.76,419.2,6.6,12.85
383.6,0.8262,0.4961,0.3667,0.8501,30.3,15.4,7.63,1.33,701.9,50.54,12.85
400.9,0.607,0.2002,0.4194,0.4817,28.8,11.8,6.99,1.22,671.7,37.05,12.85
338.2,0.7518,0.5275,0.64,0.7198,30.7,12.5,5.15,1.6,632.9,24.85,12.85
383.2,0.7282,0.6022,0.4078,0.7019,22.1,11.3,6.44,1.03,388.6,35.96,12.85
371.9,0.8383,0.4884,0.4255,0.7608,24.7,7.8,8.65,0.05,473.4,64.66,12.85
454.3,0.5929,0.1091,0.2701,0.4435,28.9,13.9,8.1,1.42,766.8,46.56,12.85
231.8,0.5955,0.2789,0.2008,0.4561,35.3,13.7,8.26,1.89,540.3,39.25,11.23
293.1,0.7847,0.4505,0.6953,0.7667,27.4,9.8,8.14,0.81,450.4,44.14,12.85
467.1,0.7837,0.3815,0.7077,0.8043,27.9,9.8,6.4,2.12,744.6,19.99,12.85
451.5,0.6159,0.1345,0.2602,0.4637,32.0,14.5,5.45,0.39,903.2,57.15,12.85
338.5,0.8698,0.5044,0.6155,0.9367,30.5,7.7,6.23,0.38,624.6,34.64,12.85
381.2,0.747,0.2855,0.5829,0.6647,26.2,14.9,8.74,0.26,540.8,103.26,12.85
292.1,0.792,0.302,0.6805,0.7542,27.8,9.3,9.41,0.7,460.1,51.61,12.85
268.9,0.8876,0.4415,0.7483,1.0123,25.0,12.3,7.22,2.82,350.9,23.35,12.85
340.6,0.7822,0.4822,0.3389,0.7104,35.5,15.4,5.04,2.64,801.1,21.37,12.85
311.9,0.8793,0.2677,0.6321,0.8899,23.8,13.1,5.63,0.72,368.9,42.79,12.85
371.8,0.8521,0.2218,0.3531,0.717,27.2,10.7,6.45,1.33,565.3,29.65,12.85
240.2,0.8209,0.3497,0.3192,0.6992,22.4,13.2,7.6,1.91,248.9,34.46,12.02
473.3,0.6157,0.3521,0.4508,0.4943,25.1,10.1,5.34,0.41,620.3,38.11,12.85
476.4,0.6752,0.4447,0.5907,0.5205,32.9,9.5,9.25,0.28,997.0,68.79,12.85
401.5,0.6831,0.5592,0.415,0.6231,24.8,16.0,6.64,5.37,514.6,16.66,12.85
359.4,0.777,0.2888,0.6865,0.7222,23.1,13.8,9.11,1.44,399.7,51.31,12.85
300.5,0.8213,0.5956,0.4021,0.8136,28.6,12.8,8.51,5.98,500.1,15.62,12.85
431.6,0.7184,0.3281,0.2466,0.5971,22.1,10.2,8.4,0.62,437.6,52.93,12.85
398.0,0.7573,0.3286,0.4593,0.6694,23.2,7.4,7.73,1.82,445.3,20.39,12.85
262.3,0.8824,0.5943,0.5066,0.9444,33.3,7.3,7.82,0.38,558.8,41.32,12.85
456.8,0.7876,0.3633,0.5813,0.8277,32.8,12.0,7.87,0.45,950.3,64.89,12.85
433.9,0.7883,0.3629,0.4027,0.6509,34.8,13.9,7.83,1.08,989.7,52.27,12.85
466.9,0.7849,0.5429,0.4389,0.8123,34.0,11.8,7.49,0.58,1025.6,56.21,12.85
408.7,0.7436,0.4813,0.3669,0.7002,31.6,14.6,9.44,0.28,799.6,107.82,12.85
379.5,0.8637,0.5057,0.5627,0.8876,22.7,7.3,8.3,0.46,407.3,41.55,12.85
328.7,0.8837,0.5856,0.4411,0.9064,33.0,10.3,8.5,0.05,689.0,82.99,12.85
462.5,0.6177,0.1783,0.1957,0.4693,33.8,9.1,8.93,1.83,1010.0,28.83,12.85
445.2,0.7161,0.1137,0.1921,0.5771,33.2,11.0,5.97,1.02,943.2,32.65,12.85
231.8,0.8908,0.516,0.503,0.9448,29.1,7.7,5.38,0.15,396.7,35.82,11.94
226.9,0.6258,0.2952,0.4631,0.5161,25.3,15.6,7.17,0.28,300.8,87.18,10.97
317.9,0.9069,0.4146,0.6447,1.0505,33.8,9.0,7.31,0.16,694.1,56.69,12.85
430.7,0.7084,0.2583,0.3004,0.6255,32.2,15.3,8.73,1.42,869.3,55.15,12.85
476.7,0.5831,0.3149,0.5557,0.4454,35.7,10.8,7.0,0.15,1131.2,66.0,12.85
259.1,0.8531,0.5107,0.5013,0.9019,24.2,15.9,7.57,2.11,315.6,38.68,12.85
374.5,0.8431,0.4007,0.5251,0.7877,25.2,12.0,7.37,0.03,492.8,85.7,12.85
319.0,0.869,0.3325,0.5788,0.8876,25.0,15.4,5.17,0.43,413.6,55.61,12.85
472.2,0.8367,0.3455,0.5614,0.8693,33.1,7.0,7.77,3.32,996.1,12.67,12.85
439.0,0.8963,0.5866,0.4093,1.0245,24.6,13.7,8.73,1.9,553.8,41.3,12.85
438.0,0.7601,0.5026,0.7184,0.7573,22.9,15.1,5.71,0.11,478.8,77.55,12.85
341.9,0.8941,0.3168,0.4939,0.9693,36.0,8.3,7.67,2.58,819.8,17.69,12.85
327.9,0.7875,0.344,0.6911,0.7837,22.3,7.9,7.67,1.02,339.2,29.88,12.85
291.1,0.7186,0.3563,0.6963,0.7111,33.7,10.8,5.74,2.81,631.5,16.28,12.8
234.7,0.6597,0.252,0.4565,0.5489,27.1,15.4,5.56,1.38,354.7,36.0,11.07
444.8,0.6485,0.273,0.3291,0.4884,33.8,11.9,9.41,1.72,969.0,41.14,12.85
431.4,0.7917,0.2975,0.5308,0.7102,29.8,11.7,6.77,7.55,766.3,9.3,12.85
479.9,0.6936,0.2559,0.4894,0.576,34.6,8.3,6.02,0.4,1085.7,35.67,12.85
479.1,0.7816,0.5844,0.6865,0.7713,35.0,7.0,5.77,1.47,1100.4,16.39,12.85
364.4,0.8019,0.4121,0.5894,0.7989,22.1,14.3,8.0,0.93,369.1,59.42,12.85
419.9,0.8714,0.3511,0.3489,0.908,23.1,7.8,7.74,0.06,464.3,56.87,12.85
465.6,0.574,0.3772,0.1681,0.4192,25.5,12.7,7.9,0.02,628.8,98.17,12.85
440.9,0.8057,0.363,0.5938,0.822,31.4,15.2,5.4,0.19,854.1,69.04,12.85
284.3,0.8305,0.316,0.4111,0.7771,34.4,8.9,9.02,1.57,637.9,31.15,12.85
337.1,0.8186,0.3004,0.3836,0.8322,28.4,13.0,6.75,1.26,554.2,38.87,12.85
253.6,0.7968,0.5792,0.7091,0.7765,30.5,7.7,6.41,1.21,469.1,22.37,12.45
468.1,0.6654,0.4383,0.3297,0.5624,24.6,12.4,7.08,0.05,591.6,83.96,12.85
377.6,0.6464,0.2464,0.2137,0.5093,33.3,8.5,6.76,0.95,803.1,29.36,12.85
279.4,0.6271,0.3483,0.571,0.4828,35.5,13.6,8.89,3.88,657.9,24.82,12.41
394.6,0.9142,0.4047,0.6786,1.0464,25.8,9.7,9.18,0.76,543.0,50.65,12.85
380.7,0.829,0.4101,0.4235,0.8953,28.9,11.2,6.37,1.47,644.5,28.78,12.85
313.1,0.7907,0.5726,0.5029,0.7838,23.2,12.4,8.89,2.27,350.9,33.69,12.85
249.5,0.8644,0.2662,0.6184,0.7623,29.8,8.5,8.52,2.3,444.9,22.06,12.11
394.6,0.8203,0.3646,0.5622,0.7805,29.0,13.7,9.19,1.1,672.4,59.87,12.85
355.3,0.7388,0.4906,0.5504,0.7153,24.0,9.7,6.11,2.93,427.1,15.12,12.85
420.8,0.8816,0.3332,0.4765,0.969,28.2,13.0,7.6,0.74,681.2,56.43,12.85
355.2,0.6991,0.1663,0.2831,0.5638,26.7,8.4,6.24,3.29,521.4,12.24,12.44
441.6,0.7803,0.1604,0.1444,0.6278,29.3,13.2,8.71,0.41,764.2,81.36,12.85
363.5,0.9086,0.3783,0.6095,1.0063,30.2,8.2,5.02,0.49,661.5,27.43,12.85
365.8,0.8206,0.3682,0.433,0.7705,22.1,10.8,7.54,0.08,370.2,75.48,12.85
447.9,0.6117,0.1881,0.4059,0.4895,32.7,9.2,6.53,2.38,925.2,17.8,12.85
324.9,0.5968,0.1667,0.3814,0.4402,32.0,13.7,6.45,0.81,649.2,48.98,12.85
254.8,0.6701,0.3315,0.6298,0.5947,27.1,9.4,7.9,0.39,385.5,53.19,12.04
227.5,0.8085,0.3681,0.4051,0.8472,22.7,14.9,8.83,0.4,244.3,94.52,11.8
416.3,0.8971,0.5642,0.4618,1.0381,32.6,15.0,7.74,3.48,856.4,25.99,12.85
381.3,0.7658,0.3151,0.4994,0.731,35.4,8.8,8.84,2.69,891.1,20.99,12.85
403.1,0.7822,0.5084,0.4489,0.7464,25.4,12.5,6.19,1.21,538.6,35.09,12.85
275.4,0.6043,0.3247,0.4943,0.4584,26.5,7.8,7.34,1.44,400.1,23.46,12.15
255.5,0.8769,0.4634,0.4787,0.907,24.6,10.5,7.03,0.96,321.2,37.64,12.66
223.8,0.7563,0.2131,0.3808,0.6845,30.1,13.4,5.05,0.75,404.5,38.84,10.52
311.2,0.8674,0.3118,0.5021,0.904,24.2,12.9,7.51,3.71,378.6,20.63,12.85
373.4,0.801,0.2975,0.2853,0.7491,27.0,12.6,7.98,0.2,559.6,83.81,12.85
322.0,0.668,0.2421,0.3707,0.5501,31.8,9.5,7.66,0.81,636.2,40.34,12.85
333.7,0.7121,0.2456,0.4265,0.5738,29.8,10.4,8.31,0.63,595.5,52.93,12.85
455.1,0.7776,0.201,0.3345,0.7005,27.4,7.9,7.57,1.03,701.3,29.5,12.85
310.5,0.7376,0.2702,0.5278,0.6031,27.9,13.5,5.3,0.92,493.3,37.23,12.85
353.6,0.7324,0.3427,0.4462,0.6141,29.9,11.5,5.52,1.1,631.9,30.38,12.85
423.7,0.7621,0.6065,0.6297,0.7867,22.1,13.4,7.68,0.23,427.2,83.85,12.85
323.1,0.6687,0.2877,0.4975,0.5805,23.1,9.2,6.24,1.08,358.6,27.71,12.85
381.7,0.6696,0.3276,0.3914,0.593,34.3,9.9,5.36,0.42,852.7,37.53,12.85
444.2,0.75,0.5135,0.5639,0.7522,23.1,10.0,6.93,0.31,492.6,53.14,12.85
466.9,0.8553,0.6568,0.4861,0.9591,31.9,7.2,7.49,0.1,928.9,49.25,12.85
258.2,0.7358,0.3104,0.4744,0.6898,34.9,10.1,6.48,2.16,590.9,20.66,11.83
460.9,0.8159,0.636,0.605,0.8538,25.8,14.2,8.24,0.84,635.6,63.86,12.85
348.0,0.8134,0.2778,0.3251,0.7531,27.2,15.1,7.9,1.48,528.4,48.05,12.85
287.1,0.655,0.1915,0.5489,0.545,30.0,11.7,6.5,1.95,515.9,25.69,12.39
339.4,0.8835,0.3898,0.5775,0.88,34.3,11.1,8.4,1.71,758.3,34.44,12.85
474.8,0.7022,0.5267,0.5195,0.6545,35.2,7.3,7.92,0.95,1100.9,29.5,12.85
348.1,0.7986,0.3741,0.6152,0.8021,32.4,14.9,7.87,0.74,708.5,67.58,12.85
305.5,0.7077,0.239,0.6673,0.6097,23.2,7.1,7.49,0.71,342.5,31.22,12.85
384.7,0.6666,0.2654,0.3208,0.5308,31.4,15.5,5.05,1.53,745.1,30.92,12.85
282.4,0.6979,0.2881,0.5089,0.6434,27.7,11.4,8.13,1.02,444.7,45.82,12.83
239.7,0.6719,0.4702,0.4035,0.5358,28.6,10.1,6.69,2.84,397.7,17.58,11.67
253.5,0.7521,0.4119,0.345,0.7128,22.7,15.3,9.24,3.12,271.0,34.4,12.21
253.3,0.8939,0.3727,0.5,0.9731,24.7,7.2,8.68,0.28,321.0,48.94,12.47
259.5,0.7876,0.3334,0.4058,0.7874,33.1,12.2,7.64,0.22,546.7,76.67,12.51
256.1,0.8769,0.5625,0.6769,0.9543,28.4,11.9,6.13,1.49,418.9,29.38,12.85
386.6,0.7596,0.3895,0.5348,0.7677,26.2,9.0,5.92,0.54,549.9,34.53,12.85
267.3,0.7662,0.3763,0.3552,0.7203,27.4,10.9,6.53,0.03,411.0,68.99,12.81
309.9,0.7557,0.4817,0.5033,0.7415,34.0,12.9,7.14,3.29,680.5,21.42,12.85
453.2,0.8962,0.5553,0.4337,0.9593,32.5,13.5,6.33,0.39,928.4,61.88,12.85
343.2,0.8504,0.1805,0.4547,0.7686,25.8,7.0,7.32,3.97,474.1,10.31,12.77
393.6,0.6247,0.3854,0.5507,0.4692,23.6,15.4,5.74,1.9,458.3,30.61,12.85
264.8,0.8639,0.4042,0.4456,0.8162,25.5,8.5,9.4,2.16,358.2,25.25,12.85
270.0,0.8769,0.4548,0.5125,0.8799,34.9,9.1,5.49,0.34,618.0,37.33,12.7
230.6,0.9039,0.3102,0.3852,0.9732,30.1,9.4,9.19,0.4,418.4,61.53,11.56
263.9,0.7146,0.4205,0.6483,0.6941,29.5,7.3,9.11,1.1,461.0,31.77,12.64
292.4,0.6589,0.2048,0.2301,0.5328,30.3,8.1,7.36,0.28,536.6,46.52,12.48
266.0,0.7556,0.3786,0.2071,0.6307,27.1,15.9,8.26,0.55,402.3,84.81,12.85
243.1,0.8572,0.4567,0.6628,0.9572,33.3,9.8,6.96,0.58,517.7,43.3,12.23
251.4,0.7538,0.247,0.4415,0.6245,29.3,8.0,7.84,0.26,435.5,49.95,11.64
339.8,0.7011,0.2838,0.3406,0.6268,23.6,8.0,6.53,0.34,395.3,38.69,12.85
273.6,0.7422,0.2924,0.3469,0.6995,23.8,13.5,6.36,2.33,323.1,25.71,12.43
314.7,0.8533,0.5891,0.515,0.8646,29.5,14.7,7.6,0.27,551.2,87.63,12.85
350.9,0.808,0.2033,0.4474,0.6845,35.1,9.3,7.24,0.04,811.0,64.64,12.85
399.5,0.8306,0.4473,0.3435,0.7041,26.3,7.2,7.61,1.49,572.0,21.97,12.85
230.2,0.6602,0.2543,0.2956,0.5191,34.2,9.0,6.29,5.59,510.5,8.59,9.93
427.8,0.7192,0.4892,0.5927,0.6668,32.7,7.5,6.65,0.6,885.5,31.15,12.85
383.3,0.8328,0.4728,0.4097,0.8315,25.5,7.9,5.38,0.19,516.2,35.85,12.85
241.3,0.8759,0.3719,0.6273,0.8192,22.5,10.9,5.24,1.27,253.5,25.13,11.59
447.1,0.8868,0.3888,0.7003,0.9463,23.4,9.1,6.14,3.55,510.9,12.23,12.85
459.4,0.7087,0.5202,0.5898,0.6818,32.2,11.6,5.33,2.3,928.0,18.83,12.85
235.9,0.7598,0.166,0.4167,0.6154,24.8,9.3,5.47,1.46,301.8,20.62,10.6
292.0,0.7054,0.4265,0.5576,0.6353,27.2,15.5,8.66,0.57,443.8,85.41,12.85
429.6,0.763,0.5933,0.5278,0.7466,29.0,15.2,5.17,1.17,731.4,36.12,12.85
414.5,0.767,0.2284,0.4968,0.6731,32.2,12.1,7.97,0.14,835.6,84.29,12.85
268.0,0.8256,0.4205,0.5715,0.766,23.6,10.2,6.23,1.7,310.5,23.46,12.59
274.4,0.8752,0.4443,0.5831,0.9194,27.7,10.4,8.92,1.94,430.6,31.69,12.85
316.3,0.7865,0.4266,0.4155,0.8162,28.8,10.7,7.18,5.03,531.1,12.75,12.85
346.0,0.7454,0.5189,0.579,0.7364,29.6,13.5,6.38,0.45,607.9,59.47,12.85
380.7,0.7458,0.5785,0.5235,0.7044,33.5,11.1,7.33,0.03,817.0,78.89,12.85
315.9,0.788,0.4893,0.5055,0.7929,24.4,14.7,6.72,1.18,391.8,45.27,12.85
340.3,0.8797,0.2179,0.2802,0.8633,33.3,15.5,7.54,1.84,725.1,41.14,12.85
414.3,0.684,0.3833,0.6161,0.6254,31.7,10.0,5.52,2.34,816.3,16.53,12.85
229.5,0.6936,0.3291,0.4089,0.6152,29.8,12.0,9.49,0.32,408.2,86.38,11.55
285.6,0.7844,0.2558,0.3146,0.6814,31.8,7.9,6.92,0.46,565.4,37.33,12.56
405.5,0.6905,0.5456,0.4892,0.6417,27.8,8.8,6.57,1.08,639.4,27.82,12.85
452.8,0.7521,0.4359,0.6696,0.7092,23.9,10.7,8.2,0.6,540.5,54.85,12.85
353.0,0.7289,0.2729,0.3813,0.644,31.3,8.9,6.64,2.95,682.1,14.86,12.85
358.3,0.7615,0.617,0.7287,0.7759,29.3,14.9,8.75,0.96,621.6,66.37,12.85
247.9,0.5962,0.3292,0.3002,0.4408,31.0,8.4,7.04,2.41,469.7,17.4,11.43
336.3,0.7029,0.4265,0.3462,0.6038,26.7,11.1,8.24,1.3,495.5,39.7,12.85
358.5,0.82,0.2796,0.4941,0.6909,34.7,12.5,5.48,2.22,813.6,21.17,12.85
283.0,0.8341,0.3176,0.427,0.8779,30.2,13.2,8.81,0.61,515.8,72.51,12.85
290.0,0.701,0.5959,0.7178,0.6564,23.2,10.4,8.31,2.67,324.7,23.66,12.85
318.1,0.8226,0.3407,0.315,0.7674,28.3,14.8,5.95,0.48,518.4,59.56,12.85
225.2,0.8186,0.5479,0.5364,0.8341,32.6,12.1,5.65,1.18,463.7,31.35,11.56
303.7,0.7732,0.2203,0.5792,0.7108,33.1,11.0,6.42,0.36,641.4,51.7,12.85
275.0,0.8106,0.5876,0.6797,0.835,28.9,7.6,9.39,0.97,465.4,36.3,12.85
305.1,0.7356,0.4157,0.3158,0.6692,34.5,11.2,6.16,0.57,687.4,43.72,12.85
251.1,0.6515,0.2931,0.6523,0.5552,25.7,14.4,7.05,0.47,345.2,69.24,11.94
451.5,0.8673,0.4285,0.6775,0.9721,27.7,12.5,5.14,5.12,711.1,10.52,12.85
374.3,0.8452,0.3506,0.4841,0.7794,34.6,14.5,6.79,0.26,845.3,77.95,12.85
396.6,0.805,0.3369,0.3274,0.6901,34.5,11.4,7.57,2.32,894.2,26.09,12.85
425.2,0.6925,0.4497,0.4863,0.6299,31.6,8.1,9.29,6.22,833.4,10.38,12.85
349.6,0.787,0.5694,0.7105,0.8272,34.0,7.1,7.33,0.03,770.0,50.65,12.85
242.6,0.8104,0.4717,0.5423,0.7604,23.2,9.7,8.69,1.8,272.8,30.17,12.21
359.6,0.6061,0.262,0.4811,0.4567,34.1,13.3,7.46,0.44,795.2,68.95,12.85
372.6,0.6566,0.4361,0.5685,0.5516,26.5,14.1,5.18,0.06,539.8,68.88,12.85
413.8,0.6892,0.4711,0.52,0.615,24.5,9.7,6.42,0.77,517.1,34.96,12.85
332.2,0.6041,0.2376,0.3095,0.4692,25.4,11.5,7.59,4.11,443.6,17.04,12.7
253.2,0.8457,0.2943,0.6291,0.877,27.9,10.8,9.28,0.02,401.3,98.36,12.85
293.8,0.7687,0.4691,0.6242,0.7993,25.5,10.7,8.87,1.33,397.1,40.7,12.85
314.4,0.773,0.5428,0.516,0.7213,26.5,9.1,6.03,1.04,455.5,26.78,12.85
387.9,0.6642,0.5209,0.2793,0.5627,23.9,8.2,5.99,3.1,461.2,12.02,12.85
368.4,0.6994,0.2271,0.3,0.613,26.1,8.8,5.91,0.13,521.2,45.77,12.85
312.6,0.6302,0.3553,0.2574,0.4892,30.0,7.5,9.15,1.72,563.0,25.26,12.85
476.5,0.7769,0.6162,0.654,0.7977,28.2,8.8,8.84,1.71,771.3,28.64,12.85
377.5,0.8445,0.3379,0.6551,0.8205,26.9,7.1,8.49,1.66,560.7,22.61,12.85
281.7,0.7428,0.3219,0.5325,0.6674,32.5,12.6,6.77,4.28,576.0,16.21,11.96
246.5,0.6835,0.3857,0.6089,0.627,34.5,9.8,7.27,2.6,554.8,19.9,11.81
259.7,0.6581,0.4632,0.4677,0.5672,32.6,15.8,7.09,0.06,534.9,104.97,12.85
283.9,0.8974,0.6076,0.4208,0.9688,26.6,8.7,6.14,0.96,415.9,27.46,12.85
261.8,0.8077,0.1027,0.2162,0.6772,32.4,10.1,7.27,0.76,534.6,41.76,11.56
268.5,0.8848,0.5476,0.436,0.9825,24.1,10.2,5.14,0.56,325.6,33.72,12.85
294.1,0.7687,0.4377,0.6184,0.7918,23.8,7.1,5.59,0.9,347.8,20.83,12.85
265.1,0.7164,0.3656,0.4507,0.6716,26.8,14.6,8.99,0.73,393.3,75.74,12.8
453.2,0.8743,0.4593,0.6374,0.9901,33.3,7.3,8.38,0.85,965.6,33.03,12.85
240.9,0.7142,0.3612,0.603,0.5875,25.4,15.5,6.9,5.81,323.9,15.66,11.31
356.4,0.6859,0.4705,0.4047,0.6068,22.9,15.0,7.33,0.14,387.9,96.66,12.85
326.7,0.7284,0.3875,0.7138,0.6821,23.8,11.8,6.66,3.83,386.9,16.31,12.85
475.4,0.769,0.3025,0.537,0.7386,34.0,11.9,8.33,0.98,1047.0,50.01,12.85
249.1,0.7334,0.2286,0.5304,0.6574,30.9,12.9,8.53,1.47,470.2,44.56,11.82
323.4,0.745,0.5035,0.3694,0.6614,25.5,10.5,8.43,2.66,438.1,24.16,12.85
472.1,0.7734,0.4212,0.274,0.6525,29.8,12.8,8.25,0.67,839.1,63.35,12.85
445.0,0.7383,0.2262,0.5392,0.6623,29.4,7.4,5.92,0.84,773.7,23.76,12.85
432.4,0.6648,0.2116,0.2706,0.5339,31.2,7.5,6.52,0.79,829.2,27.27,12.85
287.1,0.7163,0.3359,0.6107,0.6826,25.3,11.1,7.11,0.7,380.8,46.4,12.85
264.4,0.6885,0.4258,0.4285,0.5685,34.1,11.9,6.49,3.9,584.4,15.83,11.62
393.8,0.6204,0.2224,0.2629,0.4703,26.3,15.0,8.4,2.65,564.4,34.5,12.85
461.6,0.8607,0.343,0.4264,0.8798,31.7,7.9,6.48,0.17,910.3,43.88,12.85
364.8,0.7895,0.3604,0.3432,0.7723,22.2,14.4,5.62,0.17,373.0,69.12,12.85
368.6,0.9162,0.5055,0.6588,1.0601,27.2,8.9,6.8,0.84,560.9,32.88,12.85
292.8,0.8404,0.5945,0.4428,0.8509,26.9,10.5,9.41,0.16,437.0,85.86,12.85
420.1,0.6905,0.323,0.4025,0.5933,29.6,9.8,6.02,1.45,739.7,24.21,12.85
268.6,0.702,0.5449,0.4129,0.6699,23.0,10.6,7.75,0.23,296.0,66.69,12.85
304.2,0.876,0.421,0.6355,0.9033,33.1,8.4,6.95,1.11,640.6,27.53,12.85
330.6,0.7322,0.1121,0.2616,0.593,25.0,11.5,5.32,0.01,431.4,60.69,12.85
352.0,0.7086,0.4448,0.4736,0.6492,31.5,14.2,7.2,0.57,685.6,65.11,12.85
283.0,0.8738,0.386,0.6449,0.9799,33.2,11.0,8.16,1.7,601.3,33.21,12.85
249.9,0.7415,0.4832,0.4687,0.6674,29.9,11.4,7.31,0.99,446.4,41.88,12.44
378.8,0.6799,0.2781,0.5026,0.5728,32.4,14.6,8.92,5.74,771.6,19.37,12.85
295.0,0.681,0.1317,0.3518,0.5484,31.3,13.4,6.3,3.11,568.4,20.48,11.63
371.1,0.8123,0.4534,0.2397,0.7077,27.0,11.4,5.39,0.67,555.8,36.89,12.85
260.1,0.7979,0.5686,0.4411,0.7538,33.3,9.3,9.21,0.07,554.7,80.27,12.85
345.1,0.7164,0.4399,0.4577,0.6642,26.1,15.0,6.7,2.8,487.5,26.37,12.85
358.5,0.6856,0.4352,0.3552,0.5417,30.0,12.2,7.59,3.63,645.1,19.99,12.85
233.5,0.9197,0.4173,0.7373,1.0833,32.4,9.0,8.56,2.58,477.1,21.52,11.92
307.5,0.7418,0.3323,0.6385,0.7235,27.3,9.4,6.46,0.21,470.7,50.49,12.85
254.9,0.8961,0.4376,0.5063,0.9508,26.2,14.2,8.22,9.26,363.0,11.4,12.31
236.5,0.7532,0.5475,0.6196,0.7513,28.4,7.4,5.61,0.45,388.6,28.64,11.51
477.4,0.7975,0.2875,0.5168,0.67,33.5,15.9,6.31,1.93,1024.1,34.28,12.85
303.8,0.6597,0.3159,0.4768,0.5736,35.0,8.2,5.65,3.58,699.3,10.09,12.04
430.6,0.8154,0.6069,0.5808,0.8201,29.6,14.2,8.65,0.4,759.1,87.32,12.85
286.2,0.8414,0.4407,0.6397,0.9026,31.3,10.6,6.0,3.58,551.2,13.82,12.48
397.2,0.879,0.4241,0.5553,0.9648,34.6,11.4,8.23,0.56,899.5,60.46,12.85
417.7,0.7926,0.2833,0.5938,0.7125,23.4,14.9,9.24,5.62,475.3,20.84,12.85
374.9,0.7402,0.5723,0.4373,0.7447,25.2,10.7,7.37,0.5,496.7,52.85,12.85
342.6,0.575,0.2047,0.2371,0.4349,31.9,11.8,7.43,4.6,682.6,15.7,12.78
327.1,0.8359,0.6152,0.4904,0.9007,33.5,7.4,7.07,0.08,704.3,48.65,12.85
310.7,0.8263,0.5916,0.7184,0.8988,34.0,7.0,6.47,1.85,683.5,15.91,12.85
461.7,0.6589,0.1733,0.2884,0.5298,27.8,9.2,7.14,1.14,730.0,30.72,12.85
436.0,0.7121,0.3735,0.4278,0.6749,23.3,13.1,7.71,0.97,490.5,51.26,12.85
470.9,0.6648,0.4611,0.2405,0.5122,28.1,8.1,9.44,0.38,759.5,55.35,12.85
252.3,0.7851,0.4615,0.6305,0.7296,25.2,8.0,9.22,1.83,333.8,26.1,12.56
410.0,0.7927,0.5013,0.4347,0.7626,26.1,10.7,8.88,0.32,577.2,72.1,12.85
464.0,0.7338,0.4943,0.3866,0.6867,32.8,12.8,9.0,1.21,965.6,52.32,12.85
267.1,0.9201,0.5696,0.543,1.0832,23.1,13.4,7.11,0.44,295.4,66.25,12.85
237.3,0.7621,0.5926,0.4696,0.7427,33.6,8.6,7.96,4.67,512.2,12.07,11.35
412.7,0.8033,0.4032,0.4957,0.7718,28.0,7.7,9.03,0.04,659.8,66.75,12.85
369.4,0.7414,0.3948,0.5372,0.7302,30.3,15.5,6.77,0.33,677.6,78.44,12.85
438.9,0.9005,0.4595,0.7454,1.0438,23.3,9.3,9.33,0.42,494.0,61.56,12.85
256.3,0.6619,0.1779,0.2831,0.5058,26.7,14.7,6.87,0.8,377.4,55.98,11.76
426.8,0.8206,0.6347,0.7296,0.89,23.3,14.8,7.7,0.4,480.4,81.45,12.85
272.4,0.6609,0.1166,0.394,0.5165,35.5,14.0,8.19,1.01,639.1,56.77,12.12
262.6,0.9006,0.3663,0.6241,1.0143,33.3,8.5,9.28,3.09,559.3,19.33,11.98
262.7,0.7167,0.2312,0.4087,0.6148,28.4,14.4,6.1,1.87,431.8,30.63,12.26
431.8,0.6943,0.173,0.5578,0.5611,25.1,13.9,8.36,1.3,567.0,50.57,12.85
393.0,0.7463,0.2441,0.3984,0.6816,35.1,12.4,7.34,0.14,906.5,79.7,12.85
356.0,0.7624,0.4145,0.4143,0.7387,26.8,10.0,6.21,1.78,527.7,22.44,12.85
313.3,0.7088,0.4745,0.6016,0.6219,24.3,9.4,8.49,0.27,383.9,62.48,12.85
448.1,0.6071,0.2105,0.5523,0.4566,29.9,8.1,7.49,2.32,801.3,18.28,12.85
322.0,0.8365,0.3426,0.6506,0.8492,35.2,11.6,7.97,0.43,747.5,64.55,12.85
432.3,0.7458,0.4127,0.4443,0.749,22.1,12.3,6.45,0.81,434.6,43.75,12.85
334.2,0.7542,0.3549,0.444,0.6822,25.3,10.2,7.17,0.65,445.6,44.52,12.85
318.0,0.8559,0.488,0.4218,0.785,35.1,11.3,7.78,2.94,735.8,22.28,12.85
340.3,0.8805,0.4244,0.6411,0.8858,24.4,10.3,6.82,0.2,421.8,58.25,12.85
298.4,0.7481,0.1102,0.2891,0.6038,23.6,12.8,5.89,1.25,345.7,33.43,12.49
414.4,0.7445,0.4405,0.4305,0.7365,30.0,15.1,9.33,0.23,745.2,114.61,12.85
350.7,0.7607,0.4558,0.4436,0.763,34.1,8.5,7.3,1.83,773.9,21.87,12.85
280.4,0.7143,0.4966,0.458,0.6602,28.7,10.4,8.3,3.53,467.7,19.11,12.53
453.9,0.7449,0.4013,0.6397,0.6641,35.9,8.3,6.85,0.86,1085.9,30.52,12.85
319.8,0.8142,0.3477,0.6947,0.8488,31.5,12.6,6.6,1.0,623.9,41.56,12.85
361.3,0.8642,0.3543,0.6879,0.8863,23.0,13.6,6.83,3.93,398.8,18.77,12.85
455.7,0.8409,0.3829,0.6395,0.9012,35.9,15.4,6.84,1.1,1089.1,50.03,12.85
382.3,0.7998,0.4411,0.6601,0.7951,27.7,9.5,7.45,1.0,600.6,35.37,12.85
250.4,0.8934,0.4192,0.6322,0.9932,26.0,15.6,7.45,1.3,351.1,50.45,12.75
464.4,0.8488,0.5065,0.5499,0.8698,29.8,7.6,7.24,1.75,827.0,19.9,12.85
383.2,0.7333,0.3036,0.3075,0.6595,26.3,12.4,5.61,0.17,546.5,59.57,12.85
307.1,0.7686,0.5148,0.5361,0.7939,23.2,7.5,7.23,2.58,344.2,15.17,12.85
256.2,0.662,0.4238,0.3765,0.5844,22.0,15.0,5.76,0.86,256.7,46.65,12.22
426.4,0.6859,0.3723,0.433,0.6236,28.3,11.8,5.57,0.11,694.9,58.89,12.85
381.2,0.6891,0.1718,0.5914,0.5712,33.7,13.0,9.2,2.31,827.9,36.14,12.85
358.7,0.8023,0.5835,0.4292,0.798,30.0,14.5,7.72,0.71,646.1,65.42,12.85
452.4,0.7461,0.3116,0.5894,0.703,36.0,8.4,7.97,0.16,1085.3,57.44,12.85
425.0,0.6438,0.3806,0.342,0.5144,26.0,7.3,6.81,1.51,595.7,19.95,12.85
259.4,0.8238,0.276,0.4289,0.6965,25.9,14.9,9.09,3.18,361.3,32.41,12.02
301.0,0.8028,0.5969,0.3424,0.7949,24.2,9.8,7.87,3.28,368.4,18.08,12.85
284.6,0.7268,0.5209,0.6275,0.7019,24.3,8.2,8.46,4.74,350.0,12.02,12.61
413.4,0.8007,0.399,0.5783,0.7762,26.0,11.2,6.66,3.03,578.5,18.51,12.85
228.7,0.7095,0.4966,0.2524,0.5963,33.1,12.4,9.32,0.0,482.6,115.06,12.32
368.2,0.7685,0.4368,0.7157,0.7516,34.7,7.3,8.69,0.72,835.0,36.83,12.85
418.2,0.8036,0.1213,0.2827,0.6774,35.7,9.5,8.84,2.56,989.2,23.53,12.85
448.0,0.7972,0.5285,0.3871,0.7545,25.3,7.3,5.77,0.68,593.6,25.01,12.85
308.9,0.7676,0.203,0.2621,0.654,34.3,10.8,6.22,1.38,690.1,28.17,12.85
433.5,0.8698,0.334,0.2234,0.7952,26.6,15.1,6.29,1.4,632.8,39.46,12.85
248.8,0.8721,0.2524,0.2294,0.804,23.6,15.8,6.22,0.68,288.1,58.61,12.05
440.1,0.6724,0.452,0.6513,0.5772,34.2,12.7,8.85,3.52,976.1,24.92,12.85
253.1,0.769,0.3935,0.225,0.6284,30.9,8.5,5.14,1.05,478.6,21.22,11.72
323.3,0.7512,0.4951,0.4033,0.6807,24.3,15.2,5.34,0.94,397.9,41.78,12.85
427.3,0.8211,0.5584,0.4324,0.8057,28.0,11.6,6.23,9.0,684.4,7.26,12.85
259.0,0.6646,0.5051,0.6383,0.5806,26.0,8.4,5.9,1.02,363.1,24.48,11.98
279.6,0.8184,0.3074,0.3978,0.7732,32.3,15.3,6.04,0.29,568.0,71.39,12.85
407.8,0.8199,0.3601,0.4011,0.8654,28.3,13.8,8.59,1.08,666.6,57.08,12.85
407.2,0.6119,0.1808,0.2298,0.4749,35.8,13.6,7.53,2.52,971.2,29.05,12.85
386.7,0.6902,0.3356,0.5088,0.6163,22.8,13.4,5.03,2.25,416.3,20.7,12.85
400.4,0.8004,0.4204,0.5923,0.6685,27.0,8.8,6.93,2.33,599.4,18.32,12.85
361.1,0.6121,0.3431,0.4226,0.464,28.7,8.9,6.84,1.85,604.7,21.37,12.85
285.5,0.788,0.4785,0.3874,0.7661,29.0,13.2,5.51,0.44,486.5,50.51,12.85
309.9,0.7812,0.4988,0.4268,0.7543,26.4,9.0,8.04,2.97,446.9,18.18,12.85
267.2,0.8879,0.4731,0.5732,1.0023,32.2,10.9,8.16,3.36,540.0,20.49,12.56
456.2,0.8822,0.3967,0.6856,0.9185,34.2,14.0,8.24,0.32,1014.9,87.42,12.85
371.7,0.7702,0.5375,0.5976,0.7969,35.1,14.1,8.28,0.21,860.1,96.19,12.85
324.2,0.6962,0.3078,0.3655,0.5469,33.3,11.1,5.0,5.57,689.7,8.43,12.36
340.1,0.7247,0.1581,0.2064,0.5886,33.9,14.1,9.29,3.04,745.1,32.49,12.85
466.3,0.6257,0.1487,0.2909,0.4732,29.7,14.5,8.66,3.36,825.7,28.94,12.85
259.9,0.6491,0.3745,0.4823,0.5203,33.6,12.9,9.07,3.26,560.3,27.43,11.83
372.4,0.8602,0.2783,0.4838,0.8763,26.2,9.1,5.07,1.17,530.7,21.16,12.85
351.5,0.7611,0.2953,0.6937,0.7369,27.6,9.5,9.2,1.56,547.6,34.04,12.85
379.0,0.8159,0.3178,0.1709,0.6825,26.4,9.8,8.64,1.18,547.1,38.95,12.85
224.7,0.7644,0.5359,0.6191,0.7852,28.5,8.1,8.77,0.08,371.7,65.43,12.09
446.8,0.7726,0.469,0.5607,0.7847,26.0,9.5,5.42,2.05,625.4,16.79,12.85
462.4,0.6254,0.1967,0.4931,0.5101,35.5,8.9,8.32,1.06,1084.8,35.98,12.85
366.9,0.8437,0.1353,0.2871,0.7268,26.4,11.1,9.32,1.56,527.6,40.32,12.85
401.1,0.8579,0.4587,0.3281,0.7742,23.4,15.2,8.05,1.05,456.2,59.69,12.85
459.8,0.7783,0.3208,0.2929,0.6586,29.4,7.9,7.57,1.02,799.0,29.82,12.85
403.9,0.7844,0.2593,0.4851,0.6651,22.8,13.5,9.26,0.28,436.2,97.28,12.85
259.7,0.8352,0.3976,0.5618,0.8296,23.5,13.2,6.99,0.49,299.8,61.88,12.73
369.8,0.6266,0.4405,0.5907,0.5046,25.1,7.9,7.7,0.26,483.4,48.04,12.85
377.7,0.8184,0.2403,0.389,0.7676,28.5,15.3,7.14,0.33,623.3,82.4,12.85
330.3,0.8639,0.4468,0.7473,0.9754,28.1,12.1,9.2,5.42,530.6,17.37,12.85
411.5,0.7334,0.3364,0.4889,0.7011,33.2,10.3,5.34,0.25,872.2,43.93,12.85
462.9,0.8244,0.3894,0.4554,0.8917,32.4,13.8,7.26,0.47,942.2,68.13,12.85
460.6,0.6366,0.2004,0.2359,0.5002,28.0,9.3,8.09,1.34,735.6,32.22,12.85
337.2,0.874,0.3835,0.4753,0.859,26.7,13.2,8.56,1.41,494.8,46.99,12.85
249.4,0.7788,0.3718,0.5118,0.7486,26.4,7.4,7.62,0.25,360.0,44.84,11.84
476.1,0.8564,0.402,0.5744,0.7431,32.8,14.6,9.09,2.37,991.9,39.29,12.85
438.1,0.8369,0.1701,0.2632,0.6953,22.7,11.0,9.24,2.31,470.1,30.82,12.85
252.4,0.701,0.547,0.4121,0.6525,22.2,12.7,5.29,0.41,256.9,47.88,12.24
459.4,0.8725,0.3677,0.615,0.9212,33.1,9.0,6.81,0.51,971.1,40.53,12.85
446.2,0.7493,0.4703,0.4938,0.6806,28.7,13.1,5.11,4.17,744.2,12.93,12.85
354.9,0.7901,0.5341,0.3618,0.7535,23.8,14.0,6.48,2.62,419.9,24.98,12.85
373.7,0.798,0.4974,0.3289,0.7504,25.3,11.3,7.42,1.79,497.0,29.87,12.85
323.7,0.5726,0.4617,0.4663,0.4191,35.1,12.6,9.1,0.13,746.4,101.24,12.85
234.2,0.8836,0.2757,0.4224,0.8612,34.0,11.1,8.81,0.81,516.1,53.98,11.72
307.2,0.6747,0.2182,0.5387,0.5473,31.9,15.0,5.57,1.23,612.4,37.62,12.85
428.7,0.5765,0.264,0.5661,0.433,28.8,11.5,5.42,0.31,718.2,47.44,12.85
221.2,0.8027,0.6025,0.445,0.8533,29.3,14.6,7.65,0.89,382.3,58.95,11.96
306.7,0.6843,0.5706,0.3956,0.6207,35.7,14.2,7.39,1.38,725.5,44.19,12.85
323.5,0.8994,0.6196,0.4443,0.992,35.5,10.7,6.2,0.59,761.0,41.57,12.85
359.7,0.7658,0.4718,0.646,0.6846,25.0,9.1,9.05,2.28,468.1,25.04,12.85
459.2,0.8192,0.2419,0.3334,0.7769,33.4,10.7,9.17,2.75,980.6,26.04,12.85
310.0,0.669,0.4178,0.4404,0.5507,24.8,14.4,6.81,0.59,395.7,61.98,12.85
310.2,0.5715,0.3254,0.4407,0.4279,25.0,9.0,9.01,2.74,402.9,21.81,12.85
411.8,0.7941,0.4601,0.3771,0.6913,31.5,11.7,6.73,0.16,801.5,67.74,12.85
337.6,0.7686,0.5548,0.7034,0.7716,27.7,14.3,8.32,2.73,529.0,31.8,12.85
278.4,0.8603,0.4302,0.4342,0.9071,35.0,10.2,7.14,0.25,641.5,58.23,12.85
337.6,0.7594,0.3707,0.4641,0.7184,23.2,12.8,5.55,0.13,379.7,62.8,12.85
256.6,0.7751,0.4798,0.6097,0.7286,29.2,9.2,9.18,1.54,440.4,33.27,12.85
265.9,0.7204,0.6347,0.6801,0.7113,34.9,8.0,7.04,0.96,607.7,28.72,12.85
349.6,0.6677,0.3018,0.5133,0.5212,34.7,14.1,8.31,3.58,792.1,25.67,12.85
328.9,0.7804,0.4336,0.6345,0.6968,24.2,7.9,6.65,0.68,401.0,31.3,12.85
457.9,0.8569,0.4586,0.412,0.8234,27.1,9.4,5.08,0.51,692.9,31.85,12.85
314.2,0.8784,0.3267,0.4308,0.9634,30.7,14.7,5.45,1.04,586.6,39.24,12.85
371.0,0.8739,0.4645,0.7567,0.9964,24.2,10.1,7.23,0.91,453.7,38.26,12.85
384.4,0.8041,0.2989,0.6303,0.7195,35.6,15.8,8.1,0.63,905.3,78.19,12.85
223.4,0.7377,0.5035,0.5339,0.7327,34.8,15.8,6.51,1.77,509.5,37.09,11.7
392.5,0.7912,0.491,0.4471,0.8141,24.3,9.4,8.13,2.14,484.3,24.39,12.85
266.3,0.7225,0.2992,0.4865,0.6116,23.7,7.4,8.14,2.88,311.5,15.48,12.05
469.9,0.861,0.3021,0.5211,0.8427,23.2,13.3,8.17,5.41,526.1,17.01,12.85
258.7,0.6699,0.3034,0.425,0.5773,34.7,11.1,7.22,0.47,588.0,54.47,11.93
327.8,0.773,0.6022,0.6548,0.8041,24.7,7.9,9.12,1.89,416.7,24.95,12.85
242.2,0.8555,0.299,0.6296,0.774,27.8,13.4,7.2,0.75,383.3,54.95,11.84
479.2,0.7577,0.4904,0.4669,0.7544,28.3,7.3,7.03,1.7,780.3,18.98,12.85
350.6,0.7351,0.2293,0.3933,0.6478,30.4,14.8,5.9,0.97,644.6,44.41,12.85
374.8,0.8922,0.4072,0.5042,0.9786,23.0,8.2,6.38,7.62,412.4,6.11,12.85
237.4,0.7695,0.3615,0.3755,0.7103,25.2,8.1,5.19,1.96,312.8,14.29,11.05
415.0,0.7822,0.5536,0.4387,0.758,35.0,8.6,7.85,4.57,956.2,12.09,12.85
274.6,0.878,0.4366,0.6609,0.9731,34.7,15.6,6.12,2.7,623.8,25.85,12.85
453.5,0.711,0.5942,0.5998,0.6833,32.9,13.2,6.37,3.5,949.5,18.74,12.85
273.3,0.737,0.5277,0.6977,0.7305,22.3,14.2,8.47,2.53,280.8,34.13,12.85
269.6,0.647,0.4042,0.5393,0.4973,26.6,10.6,6.47,0.92,393.0,35.63,12.32
229.5,0.7994,0.3802,0.4638,0.8051,30.8,10.0,6.09,0.44,431.3,42.55,11.11
342.7,0.7401,0.4026,0.246,0.6155,25.9,9.1,5.76,0.69,474.8,30.98,12.85
366.9,0.7206,0.4098,0.3019,0.6428,34.7,11.3,8.49,0.03,834.0,93.26,12.85
237.1,0.7643,0.2854,0.448,0.7259,30.9,12.0,5.58,1.11,447.5,31.61,11.33
421.6,0.8765,0.4784,0.5963,0.8686,23.0,12.7,7.04,1.05,464.1,43.47,12.85
337.9,0.7686,0.3963,0.6554,0.7272,34.7,9.3,7.28,1.12,767.8,32.03,12.85
356.3,0.759,0.524,0.4808,0.7826,35.4,15.5,8.09,5.48,834.2,19.42,12.85
334.6,0.7249,0.4887,0.3492,0.5967,23.1,8.5,7.85,3.64,371.0,14.44,12.85
324.2,0.8967,0.347,0.4799,0.974,29.5,15.7,8.65,0.26,565.8,107.31,12.85
365.5,0.6848,0.5336,0.3552,0.5939,26.2,7.1,5.2,0.69,520.7,21.95,12.85
260.4,0.8054,0.2917,0.2996,0.694,27.5,11.3,6.33,0.83,403.6,39.27,12.12
267.3,0.7906,0.2695,0.2611,0.6817,24.5,10.0,6.26,0.67,334.5,37.47,12.17
444.1,0.8846,0.453,0.7362,1.0102,30.1,11.0,5.66,2.4,803.4,18.36,12.85
466.0,0.8444,0.422,0.4788,0.9174,35.4,12.1,6.3,1.11,1091.0,36.18,12.85
317.1,0.7594,0.5629,0.4529,0.7718,29.0,10.9,6.39,1.27,540.4,30.71,12.85
290.4,0.8137,0.6619,0.6523,0.8785,23.2,10.7,7.35,2.88,324.1,20.35,12.85
387.4,0.8142,0.2322,0.3492,0.7251,30.7,13.6,7.99,2.46,723.7,31.39,12.85
326.3,0.6558,0.342,0.5261,0.5529,26.8,13.2,6.71,0.21,481.7,72.94,12.85
226.6,0.7063,0.3332,0.3701,0.6599,34.0,14.5,8.24,1.88,498.1,41.51,11.3
260.6,0.6802,0.2886,0.6844,0.6004,28.1,9.2,6.51,0.86,419.2,32.43,11.75
406.2,0.8278,0.2633,0.4335,0.7955,24.7,12.5,6.31,0.52,515.8,51.68,12.85
391.3,0.763,0.3603,0.5952,0.6893,24.7,12.3,7.44,0.08,496.0,84.69,12.85
227.0,0.6734,0.4743,0.4297,0.6055,32.8,10.3,5.11,1.0,471.4,26.34,10.9
277.7,0.7161,0.3222,0.633,0.6611,25.7,11.4,5.36,0.66,381.0,36.75,12.35
280.1,0.8673,0.3104,0.5127,0.7846,32.7,9.8,6.88,0.43,580.9,47.12,12.79
394.7,0.8806,0.5034,0.4794,0.8938,24.9,8.3,9.24,1.78,508.5,27.52,12.85
225.1,0.7844,0.2981,0.3545,0.7568,26.5,8.9,8.25,2.2,326.5,22.99,11.03
247.1,0.6856,0.2949,0.6163,0.6188,28.5,7.9,5.4,0.42,408.1,30.19,11.04
428.0,0.7157,0.3213,0.5722,0.6006,35.2,13.1,8.81,0.08,993.1,107.62,12.85
266.4,0.7963,0.5996,0.4476,0.8086,35.0,12.9,8.3,2.83,613.9,28.02,12.85
389.7,0.8238,0.2848,0.3427,0.6861,24.9,15.6,7.75,0.02,502.6,118.76,12.85
281.9,0.7094,0.2557,0.2998,0.6184,27.0,13.6,8.69,4.15,423.3,22.9,12.17
245.9,0.7324,0.3415,0.6777,0.7124,24.1,7.5,6.82,1.48,297.3,20.52,11.6
283.2,0.8058,0.516,0.4454,0.792,29.1,15.0,6.0,0.58,485.4,56.68,12.85
407.8,0.6624,0.5009,0.5405,0.5469,28.4,14.8,7.3,0.42,670.7,75.7,12.85
442.5,0.6926,0.328,0.6608,0.6439,34.6,11.0,7.47,0.01,1000.5,80.99,12.85
435.9,0.8506,0.4485,0.4333,0.8659,35.0,12.3,7.42,0.4,1003.3,64.94,12.85
323.3,0.796,0.4486,0.5125,0.8168,27.4,15.8,7.54,0.22,496.9,97.41,12.85
393.7,0.8434,0.3134,0.4473,0.8885,28.9,11.8,9.27,1.42,664.7,45.15,12.85
273.3,0.7164,0.5796,0.5824,0.6663,34.5,15.1,9.06,0.27,616.2,107.79,12.85
296.2,0.7488,0.3424,0.5014,0.6933,33.3,7.7,8.94,1.13,630.8,32.55,12.85
453.0,0.6736,0.4609,0.423,0.5384,22.1,8.7,8.61,1.34,455.4,32.1,12.85
223.4,0.6568,0.3717,0.2469,0.5405,26.5,11.0,9.25,0.53,323.5,66.23,11.16
242.2,0.7856,0.2751,0.5506,0.7331,27.9,12.3,5.44,0.05,385.3,63.36,11.77
274.1,0.6888,0.4407,0.5864,0.6268,25.2,14.3,6.19,0.06,362.2,84.06,12.85
226.9,0.7629,0.2479,0.5447,0.7179,24.8,15.9,7.23,0.04,290.3,110.46,11.85
267.2,0.8378,0.3134,0.4034,0.7786,22.5,10.5,8.81,2.02,281.3,30.67,12.85
371.6,0.6257,0.305,0.4556,0.4669,31.0,7.4,7.27,0.57,706.3,34.32,12.85
329.6,0.6996,0.4945,0.3392,0.6274,25.7,14.2,8.37,2.39,450.7,35.1,12.85
452.1,0.7905,0.3887,0.531,0.7116,22.7,12.4,5.63,0.85,485.2,37.87,12.85
432.5,0.7196,0.4907,0.4037,0.6875,25.2,8.8,6.14,0.9,572.4,28.3,12.85
308.9,0.5709,0.4276,0.5438,0.4174,33.2,11.5,8.29,1.08,655.6,45.69,12.85
287.5,0.8335,0.4595,0.4466,0.841,33.9,13.7,5.74,1.87,630.1,27.34,12.85
318.7,0.7205,0.5005,0.4433,0.7136,28.8,13.9,6.58,0.48,534.3,61.99,12.85
373.5,0.8306,0.2204,0.5503,0.7381,27.8,11.5,6.19,0.19,591.0,59.6,12.85
289.7,0.8429,0.3352,0.3161,0.8315,35.7,9.7,6.57,1.22,686.3,28.89,12.85
382.3,0.8053,0.1938,0.3878,0.6826,24.8,15.8,8.19,0.59,489.6,80.97,12.85
326.4,0.6971,0.6064,0.3632,0.6415,25.0,13.0,6.66,0.88,424.9,46.0,12.85
363.5,0.7392,0.5077,0.4315,0.6898,26.1,10.7,7.5,1.56,512.1,31.25,12.85
333.4,0.851,0.3155,0.5438,0.8289,24.4,9.5,5.45,1.02,414.0,25.67,12.85
296.6,0.7865,0.4048,0.6177,0.7541,27.3,13.6,8.62,1.45,454.1,47.75,12.85
466.6,0.7863,0.6507,0.6324,0.8157,34.8,9.2,6.66,1.18,1061.6,28.08,12.85
418.5,0.8518,0.2024,0.5961,0.7734,30.6,8.5,7.92,2.02,779.1,22.41,12.85
256.4,0.577,0.145,0.5201,0.4229,27.8,11.8,8.26,1.84,404.3,34.29,11.47
445.8,0.7454,0.4597,0.7059,0.7433,35.1,9.6,5.94,1.15,1029.0,26.62,12.85
346.7,0.7772,0.5732,0.5307,0.7501,22.7,12.7,8.98,1.7,370.3,42.05,12.85
452.6,0.7176,0.4024,0.4662,0.7033,24.9,8.1,7.77,3.1,585.8,15.28,12.85
428.0,0.8002,0.3908,0.652,0.7893,29.9,12.9,6.93,0.85,767.0,48.32,12.85
330.6,0.7044,0.381,0.6886,0.6742,30.6,9.5,5.82,0.8,615.4,30.91,12.85
225.8,0.7186,0.2939,0.4129,0.6425,22.6,7.0,9.24,2.17,238.3,20.43,10.98
289.9,0.7675,0.3616,0.6522,0.763,27.6,8.1,8.4,1.31,453.4,29.6,12.85
360.8,0.8824,0.4788,0.7151,0.9985,31.1,15.4,5.94,0.11,688.7,82.33,12.85
384.7,0.6917,0.5424,0.6364,0.6272,31.8,14.8,6.52,3.34,760.7,22.24,12.85
287.1,0.7425,0.2395,0.2387,0.627,30.9,9.1,8.64,0.05,543.5,75.15,12.85
256.2,0.8344,0.2864,0.303,0.7688,26.5,14.0,8.13,2.07,371.2,37.09,12.59
437.1,0.8756,0.2228,0.4665,0.808,23.3,12.5,8.45,2.13,494.3,33.63,12.85
475.9,0.7164,0.4511,0.3557,0.6083,28.0,15.7,6.99,4.59,760.5,19.67,12.85
356.7,0.735,0.4571,0.4195,0.6426,23.8,10.4,8.22,0.08,421.0,78.66,12.85
264.6,0.725,0.2886,0.4325,0.6705,35.3,13.1,6.74,1.36,615.7,37.46,12.28
290.8,0.6924,0.3376,0.4384,0.6301,28.7,7.6,5.95,0.84,484.3,24.52,12.55
224.8,0.8733,0.247,0.4174,0.8697,26.4,10.6,7.85,0.6,324.6,51.75,11.11
457.7,0.7305,0.342,0.6013,0.6871,32.7,15.7,9.39,0.14,948.8,128.91,12.85
250.6,0.8028,0.228,0.598,0.6769,29.0,11.9,6.4,1.24,425.3,33.84,11.78
369.9,0.6013,0.2107,0.3853,0.4558,26.3,9.6,7.07,0.98,530.4,34.3,12.85
291.3,0.6321,0.1679,0.2464,0.4999,33.4,8.1,8.03,0.17,622.3,55.7,12.77
364.1,0.7616,0.3725,0.462,0.7167,34.1,13.3,7.44,1.42,806.1,40.93,12.85
389.4,0.6698,0.2641,0.2811,0.5479,31.4,12.8,8.8,2.01,756.2,37.43,12.85
435.7,0.7909,0.4671,0.2518,0.7116,22.7,10.4,8.43,2.19,464.4,27.41,12.85
273.7,0.7636,0.3763,0.6055,0.6983,29.9,15.6,5.26,3.54,490.6,18.05,11.9
222.9,0.7362,0.3999,0.4832,0.7224,32.7,7.2,9.49,0.79,461.0,38.18,11.16
255.6,0.7004,0.3295,0.2657,0.5439,23.9,9.7,8.39,4.59,304.4,14.6,11.21
454.0,0.8196,0.5342,0.3588,0.8308,25.2,15.3,8.89,3.01,599.3,33.9,12.85
447.2,0.7898,0.4975,0.3619,0.7856,34.4,9.9,7.93,0.53,999.7,51.34,12.85
375.3,0.7333,0.5482,0.4823,0.7163,22.3,9.3,8.85,0.26,385.9,65.12,12.85
376.1,0.847,0.5802,0.6601,0.9319,32.5,11.8,5.51,0.86,772.5,35.0,12.85
392.9,0.7984,0.268,0.221,0.6543,28.6,14.4,6.56,0.77,653.5,53.43,12.85
265.6,0.6566,0.1557,0.5779,0.5234,28.3,7.9,8.94,1.29,431.7,31.02,11.84
457.7,0.7438,0.4771,0.4699,0.7438,22.1,15.5,5.91,1.31,462.3,39.55,12.85
328.9,0.8697,0.4985,0.3305,0.872,33.5,14.2,5.35,2.08,706.2,24.6,12.85
319.6,0.8411,0.5665,0.5439,0.8494,27.0,8.6,8.55,1.07,480.6,35.64,12.85
354.9,0.8732,0.3721,0.473,0.9273,29.6,13.4,8.76,0.17,623.6,100.72,12.85
232.2,0.8246,0.4757,0.5483,0.8448,31.5,10.5,5.73,2.93,452.4,15.26,11.63
263.2,0.8229,0.3957,0.5894,0.8863,31.8,10.6,8.84,0.56,522.2,60.37,12.85
411.9,0.7698,0.4531,0.6442,0.8011,35.4,14.0,8.09,5.33,963.1,17.97,12.85
241.5,0.7607,0.3566,0.4418,0.7478,29.4,15.7,7.34,0.19,421.2,96.78,12.51
376.8,0.7071,0.4201,0.2708,0.6041,27.6,8.1,8.74,4.76,587.7,12.34,12.85
283.8,0.8396,0.421,0.4214,0.9085,35.4,10.8,6.89,0.14,662.7,64.98,12.85
321.2,0.5956,0.3458,0.5112,0.4446,31.0,11.3,5.87,0.39,610.0,47.72,12.85
295.1,0.7382,0.1747,0.2725,0.6321,26.2,10.4,6.28,0.07,418.2,60.89,12.85
312.5,0.7161,0.4406,0.4852,0.7019,23.8,10.3,7.27,1.83,367.8,26.37,12.85
407.0,0.6981,0.39,0.5296,0.5879,33.8,7.5,7.39,2.85,887.0,14.35,12.85
297.3,0.8405,0.4013,0.6158,0.7645,27.1,13.2,8.63,0.85,448.0,61.27,12.85
367.3,0.663,0.4087,0.4897,0.5277,31.2,10.9,8.56,3.96,706.9,18.87,12.85
343.8,0.844,0.4161,0.4254,0.9131,28.6,8.8,7.62,1.34,570.4,28.51,12.85
392.6,0.7247,0.496,0.4346,0.6618,24.8,14.3,8.51,1.49,501.9,49.02,12.85
463.6,0.8921,0.4056,0.4452,0.9653,30.4,14.2,5.86,2.8,854.1,21.94,12.85
410.5,0.8272,0.4089,0.5231,0.7509,22.8,11.4,5.23,0.53,445.3,38.9,12.85
275.9,0.7229,0.404,0.4635,0.6953,27.8,9.7,8.93,0.66,435.5,52.24,12.85
228.1,0.8592,0.3606,0.7262,0.9222,29.7,12.7,5.34,3.55,402.7,14.97,10.57
288.2,0.6573,0.2501,0.4885,0.5486,28.1,9.6,6.11,3.47,464.1,13.12,11.51
374.7,0.8159,0.2856,0.414,0.7758,32.5,9.1,8.13,5.63,767.5,11.2,12.85
233.4,0.6869,0.4325,0.5711,0.5668,33.6,13.6,6.84,3.48,503.9,20.73,11.01
349.1,0.7783,0.6313,0.4742,0.813,32.8,7.4,8.94,0.2,725.9,54.68,12.85
375.2,0.7831,0.3671,0.6196,0.771,22.5,7.9,6.34,2.6,395.6,13.82,12.85
306.9,0.8535,0.5295,0.5187,0.9447,24.7,7.1,5.05,0.79,390.3,19.92,12.85
420.4,0.823,0.3632,0.4731,0.7612,29.5,8.4,6.35,7.03,736.3,6.62,12.85
247.7,0.9066,0.6235,0.509,1.0192,35.1,7.6,7.6,0.96,571.9,29.57,12.51
239.5,0.8419,0.5358,0.6923,0.8917,33.7,16.0,6.69,1.21,519.5,48.32,12.46
409.3,0.757,0.6076,0.7226,0.7378,33.8,9.6,7.41,1.13,892.2,33.35,12.85
348.8,0.7315,0.3874,0.4472,0.7337,26.2,8.3,8.94,0.58,496.9,47.16,12.85
399.0,0.6644,0.4604,0.5549,0.5684,28.0,9.2,9.11,0.12,638.9,74.75,12.85
333.1,0.6367,0.2606,0.2562,0.4984,28.6,15.4,6.2,3.39,552.5,21.77,12.82
284.1,0.7257,0.602,0.3585,0.688,24.2,11.7,7.08,2.43,346.6,24.08,12.85
433.0,0.7588,0.3962,0.6432,0.7462,22.4,10.3,7.47,0.23,451.8,62.7,12.85
427.8,0.8368,0.4739,0.5942,0.8445,35.3,14.9,9.27,2.25,995.0,42.4,12.85
400.6,0.6177,0.1781,0.3402,0.4895,25.4,10.6,9.49,1.47,535.6,40.49,12.85
290.8,0.729,0.2753,0.326,0.6683,25.4,10.0,6.06,0.79,388.4,33.92,12.7
373.5,0.7272,0.4062,0.2853,0.6336,23.2,8.9,8.27,0.44,417.1,50.94,12.85
313.9,0.8644,0.2494,0.4653,0.8553,35.0,10.4,6.7,2.95,721.8,17.66,12.85
243.8,0.7982,0.2837,0.4145,0.795,30.1,9.9,5.04,1.81,441.7,17.67,11.4
458.5,0.8049,0.3543,0.6773,0.8234,31.3,13.1,5.04,1.19,886.7,30.14,12.85
255.6,0.634,0.2028,0.2392,0.5107,34.8,9.6,7.07,1.41,581.7,28.18,11.35
467.1,0.745,0.4612,0.2983,0.6736,26.8,12.2,7.2,0.14,693.1,76.78,12.85
336.0,0.7699,0.3013,0.5765,0.6805,30.7,7.6,5.1,0.96,628.3,19.73,12.85
268.1,0.5986,0.4835,0.492,0.4683,22.5,8.7,8.09,0.32,282.7,53.34,12.65
360.9,0.8881,0.5992,0.6977,0.9824,24.6,10.7,6.32,0.35,455.3,49.94,12.85
447.0,0.827,0.345,0.6462,0.89,33.6,15.4,7.52,1.62,967.1,44.22,12.85
410.4,0.8801,0.4219,0.336,0.8654,32.7,10.4,6.35,3.63,850.9,14.26,12.85
429.7,0.7457,0.3774,0.5811,0.7289,26.9,13.0,5.75,0.78,640.6,42.04,12.85
391.3,0.7275,0.3927,0.717,0.7194,27.3,9.3,6.83,0.35,597.7,47.07,12.85
400.0,0.8531,0.368,0.6103,0.9276,29.5,8.1,6.05,1.57,698.8,19.16,12.85
440.8,0.6245,0.1407,0.2206,0.4934,22.0,7.5,7.41,3.07,440.9,13.68,12.78
284.9,0.8576,0.5749,0.5296,0.9568,25.4,9.7,5.89,2.07,381.1,18.72,12.85
347.3,0.6522,0.5418,0.4875,0.5514,24.9,8.4,7.29,3.05,448.5,15.16,12.85
277.5,0.6826,0.3815,0.5911,0.5827,25.5,8.6,5.71,1.15,374.8,22.7,12.23
476.8,0.6092,0.4112,0.1733,0.4598,33.3,13.8,8.02,2.09,1014.7,35.93,12.85
465.5,0.8949,0.5736,0.3668,0.9222,25.9,7.1,8.39,0.23,647.7,48.88,12.85
230.3,0.5795,0.3273,0.4742,0.4373,24.7,12.0,5.5,0.64,292.0,40.23,10.72
403.4,0.6724,0.2271,0.6206,0.5564,29.1,10.4,7.11,0.74,688.3,42.52,12.85
460.6,0.7979,0.3199,0.6422,0.7289,34.1,11.6,5.32,1.07,1018.7,29.64,12.85
266.9,0.7343,0.5254,0.6926,0.7191,25.4,12.1,7.69,3.97,357.1,18.68,12.47
367.7,0.8547,0.431,0.5314,0.9363,23.1,9.8,6.19,3.11,408.1,14.79,12.85
458.0,0.6467,0.4407,0.2781,0.5348,27.0,9.7,7.37,0.22,686.6,58.52,12.85
228.8,0.8916,0.6417,0.557,1.0059,32.5,13.6,7.33,0.28,468.3,77.59,12.48
401.3,0.7647,0.396,0.4454,0.7738,29.7,14.8,9.16,0.66,710.7,81.7,12.85
297.3,0.7892,0.4169,0.5584,0.8004,33.4,8.7,7.47,0.52,637.3,43.06,12.85
460.3,0.8421,0.1975,0.3025,0.7457,35.4,7.9,7.62,1.43,1078.8,24.71,12.85
472.5,0.8507,0.6052,0.4451,0.8925,33.1,15.1,6.81,3.5,996.8,22.83,12.85
465.5,0.9183,0.3943,0.6885,1.0814,30.5,10.1,9.27,4.92,859.0,15.9,12.85
343.3,0.797,0.3999,0.5753,0.7995,28.9,12.0,8.5,1.59,580.4,39.24,12.85
444.1,0.8007,0.3254,0.3882,0.7361,22.6,10.2,6.28,2.73,469.0,17.24,12.85
439.6,0.7455,0.3532,0.6688,0.6908,35.8,8.1,8.8,1.12,1045.4,33.8,12.85
303.0,0.8338,0.3194,0.5683,0.854,27.4,12.3,6.95,0.35,465.6,63.29,12.85
435.5,0.8207,0.3679,0.4732,0.8048,24.1,11.7,8.73,1.12,528.3,48.38,12.85
229.6,0.6404,0.2482,0.1926,0.5006,31.3,8.8,8.7,1.21,443.9,34.69,10.85
375.0,0.8737,0.1879,0.4464,0.8389,26.0,11.1,5.85,2.03,524.3,21.33,12.85
279.8,0.7191,0.3864,0.4424,0.6951,30.2,14.2,8.16,0.37,509.3,84.21,12.85
251.3,0.7359,0.4926,0.5801,0.7283,30.2,12.3,6.31,0.69,457.8,45.99,12.26
240.0,0.6651,0.2117,0.2669,0.5299,28.2,7.9,6.34,0.68,389.8,29.72,10.82
401.0,0.7958,0.5259,0.5399,0.8403,33.7,11.9,6.33,4.81,870.5,13.01,12.85
308.4,0.6472,0.4492,0.3001,0.5392,25.7,13.3,8.27,0.88,422.8,58.57,12.85
408.4,0.8624,0.4022,0.5524,0.9075,28.3,14.1,6.03,2.11,665.0,27.42,12.85
237.0,0.894,0.3279,0.5003,0.9869,29.5,12.7,5.0,2.08,415.4,20.54,11.38
302.0,0.8599,0.3415,0.5034,0.9339,31.3,8.4,8.22,0.46,582.5,47.04,12.85
360.3,0.7561,0.54,0.5987,0.7714,33.0,13.4,5.77,1.27,755.7,34.0,12.85
425.6,0.8779,0.332,0.5963,0.8457,27.5,13.1,5.47,3.37,660.8,16.39,12.85
302.9,0.7894,0.5692,0.7102,0.8153,31.0,7.2,6.07,0.97,576.8,22.27,12.85
382.7,0.5772,0.1219,0.6238,0.438,24.1,10.7,6.71,4.35,463.4,13.42,12.62
450.4,0.7161,0.3027,0.4038,0.6785,35.1,10.0,7.14,0.36,1038.4,52.41,12.85
380.1,0.7911,0.4042,0.635,0.7999,27.4,13.0,5.2,0.12,584.0,60.72,12.85
280.6,0.8938,0.3442,0.6349,0.9691,32.2,8.9,9.37,3.33,567.1,19.35,12.59
226.3,0.6465,0.2499,0.3278,0.5276,22.3,12.3,8.22,2.82,232.8,26.49,10.89
446.2,0.7874,0.4485,0.6228,0.8141,24.9,15.2,6.45,7.36,574.4,11.75,12.85
225.5,0.8384,0.4815,0.3906,0.7472,28.8,14.2,6.43,1.71,379.3,33.71,11.74
447.4,0.8318,0.2695,0.5193,0.7046,34.3,15.3,7.02,4.14,997.6,20.88,12.85
357.5,0.7068,0.3912,0.3808,0.6666,29.4,15.8,7.82,2.63,621.4,34.03,12.85
464.2,0.7252,0.3297,0.3539,0.6585,35.0,7.1,5.66,2.79,1068.4,10.59,12.85
427.7,0.739,0.5126,0.4376,0.7315,28.8,12.6,5.85,1.26,717.4,32.59,12.85
479.5,0.6608,0.2245,0.4931,0.5626,28.9,10.7,8.87,0.72,808.7,55.15,12.85
311.2,0.6985,0.4288,0.2902,0.5727,23.7,14.7,6.15,4.09,363.4,17.82,12.85
419.5,0.8009,0.4695,0.6865,0.8317,33.2,9.3,6.71,0.85,890.8,33.64,12.85
324.5,0.792,0.3453,0.7068,0.7676,25.5,15.8,8.92,1.16,436.7,65.35,12.85
344.8,0.7769,0.234,0.6352,0.6717,34.6,12.5,7.98,0.89,779.0,53.01,12.85
383.2,0.8083,0.3996,0.5001,0.825,34.8,14.1,6.54,1.25,871.7,41.13,12.85
447.2,0.7063,0.4769,0.5037,0.6384,35.2,7.8,8.08,0.95,1037.7,32.12,12.85
475.9,0.758,0.5428,0.5004,0.7257,29.3,8.7,5.09,0.07,822.4,41.0,12.85
419.8,0.6715,0.3388,0.6937,0.5862,31.5,13.8,8.31,3.21,817.6,27.32,12.85
328.6,0.816,0.4377,0.578,0.8568,32.9,7.2,7.19,0.88,686.8,27.51,12.85
329.6,0.7816,0.5757,0.4783,0.7978,23.8,14.4,8.66,1.33,390.0,53.26,12.85
411.8,0.7638,0.3803,0.5494,0.751,30.4,7.1,9.3,0.22,758.2,54.08,12.85
282.1,0.6799,0.2889,0.2787,0.5403,22.5,12.9,9.17,0.01,295.6,117.77,12.85
248.7,0.763,0.4196,0.651,0.7685,29.0,10.3,9.09,0.42,422.0,65.76,12.36
312.2,0.8503,0.3333,0.4147,0.8878,24.2,12.5,7.3,1.83,379.9,32.28,12.85
294.7,0.7886,0.5556,0.4947,0.7884,24.6,13.3,6.62,0.16,370.1,75.92,12.85
297.0,0.861,0.5481,0.5752,0.8331,27.1,10.1,7.09,3.59,448.8,15.57,12.85
280.7,0.8327,0.3965,0.6554,0.8955,28.1,8.0,8.1,0.36,450.7,47.4,12.85
230.9,0.7969,0.4125,0.487,0.8068,30.7,7.6,8.98,0.34,432.4,50.97,11.41
224.6,0.6641,0.205,0.2458,0.5245,23.0,12.3,5.93,0.3,248.1,56.1,10.57
476.8,0.6489,0.2616,0.4954,0.5516,29.1,11.7,9.13,0.02,813.0,104.51,12.85
331.2,0.7883,0.3915,0.6481,0.8176,24.6,13.7,8.67,2.22,415.9,36.87,12.85
319.9,0.6225,0.098,0.2074,0.4705,30.0,11.6,9.4,3.12,577.0,26.45,12.49
396.7,0.8139,0.4824,0.518,0.8743,30.9,10.8,8.96,1.43,750.7,39.86,12.85
276.7,0.7597,0.4405,0.5416,0.7401,29.8,10.6,6.26,0.31,492.4,50.46,12.65
467.0,0.8893,0.4588,0.5173,0.9495,32.3,7.2,5.48,0.5,949.7,26.36,12.85
424.4,0.8068,0.4648,0.5568,0.7305,26.7,10.0,5.51,0.97,623.9,28.01,12.85
243.2,0.7723,0.2961,0.3674,0.6792,32.7,15.8,6.31,4.63,503.8,17.69,11.15
328.6,0.8192,0.5607,0.619,0.881,28.1,14.9,7.76,0.43,527.6,80.9,12.85
448.6,0.8733,0.2029,0.2555,0.8344,28.8,10.0,8.62,1.97,752.6,28.89,12.85
465.6,0.8807,0.4315,0.548,0.9662,31.1,12.3,9.05,0.87,888.1,59.51,12.85
341.5,0.8146,0.3337,0.4633,0.77,22.3,14.6,7.81,0.53,350.3,74.61,12.85
379.5,0.5852,0.3401,0.3559,0.4469,31.2,11.0,5.03,0.91,726.9,28.82,12.85
263.4,0.7419,0.4314,0.1752,0.5878,30.7,7.2,5.84,0.11,491.6,37.64,12.6
477.7,0.7789,0.5813,0.3883,0.7469,26.3,7.7,5.45,2.4,684.9,12.28,12.85
280.2,0.8792,0.5192,0.5917,1.0042,23.2,11.6,6.63,0.42,313.9,54.24,12.85
465.1,0.7233,0.5204,0.3693,0.6386,23.3,15.7,7.26,1.94,524.3,38.83,12.85
388.9,0.8095,0.3185,0.4146,0.7545,34.9,13.2,5.2,0.11,891.6,62.18,12.85
378.0,0.8291,0.2294,0.4478,0.78,31.6,7.6,6.57,4.65,742.8,8.87,12.85
353.3,0.7677,0.2813,0.6157,0.7261,23.8,8.7,5.81,0.32,416.2,38.24,12.85
280.0,0.8957,0.3258,0.4838,0.911,27.0,13.9,7.91,3.22,419.8,26.17,12.63
265.9,0.9169,0.5729,0.6519,1.0635,30.3,14.6,7.09,2.49,486.5,29.63,12.85
277.3,0.8413,0.2827,0.3419,0.8367,33.7,12.6,7.23,5.16,601.7,14.75,12.02
268.5,0.891,0.2768,0.5513,0.9211,22.6,12.8,6.92,0.97,284.9,44.88,12.61
422.7,0.8373,0.4063,0.2138,0.7368,25.3,7.3,9.3,1.95,562.7,22.88,12.85
311.0,0.8496,0.4287,0.5653,0.9456,34.5,14.5,5.97,0.69,698.5,50.89,12.85
235.0,0.6533,0.4033,0.3659,0.5348,22.1,14.1,7.32,0.31,238.1,79.07,11.6
472.0,0.6787,0.1564,0.3423,0.5329,24.8,9.3,8.31,0.88,605.0,41.3,12.85
449.8,0.785,0.288,0.6679,0.7769,35.4,13.4,7.51,0.27,1053.7,78.95,12.85
461.2,0.8303,0.5918,0.5529,0.8379,30.6,8.9,9.18,6.03,857.3,11.67,12.85
478.7,0.6545,0.2467,0.6397,0.5593,25.7,7.4,6.7,0.15,654.0,42.84,12.85
265.2,0.7857,0.3323,0.4184,0.7338,22.9,8.8,7.09,1.33,290.1,26.74,12.22
323.0,0.8938,0.3238,0.5617,0.9941,22.4,8.6,5.4,1.48,335.8,18.76,12.85
417.1,0.6912,0.3169,0.294,0.5693,25.4,10.0,7.74,1.16,560.1,36.0,12.85
401.0,0.8893,0.3652,0.6533,0.993,34.3,10.8,6.3,1.63,895.8,25.8,12.85
260.0,0.8225,0.5884,0.6502,0.8355,27.8,11.6,5.72,0.19,411.4,55.88,12.85
432.1,0.7568,0.4316,0.502,0.6923,32.1,11.3,7.45,1.21,867.9,37.98,12.85
278.4,0.6751,0.5484,0.3252,0.5904,34.9,9.4,7.4,0.51,636.2,46.28,12.85
278.2,0.7362,0.1734,0.3385,0.6347,27.7,7.3,5.34,4.22,437.1,7.43,10.85
359.6,0.7536,0.3582,0.566,0.7413,24.7,12.4,8.14,2.15,455.9,32.13,12.85
374.2,0.6584,0.2878,0.4803,0.5765,29.2,10.6,7.81,5.39,645.0,12.9,12.85
370.8,0.849,0.2056,0.6286,0.8038,34.7,9.7,5.85,0.06,842.3,53.6,12.85
243.8,0.835,0.5693,0.3442,0.8459,33.3,14.8,7.11,0.5,518.3,70.03,12.75
448.1,0.839,0.5344,0.5248,0.9272,22.9,13.7,8.24,0.33,489.4,85.27,12.85
289.1,0.7809,0.5417,0.5572,0.7294,31.7,14.7,7.38,0.02,569.3,106.87,12.85
253.7,0.8302,0.5797,0.5377,0.898,30.0,11.5,6.78,0.42,456.8,54.84,12.82
451.1,0.6468,0.4533,0.6206,0.5409,34.7,8.2,6.45,1.7,1024.1,19.51,12.85
468.5,0.6328,0.2645,0.1769,0.4821,23.7,13.3,7.75,0.39,548.8,73.71,12.85
444.2,0.6954,0.3966,0.5549,0.5756,29.5,8.9,9.23,1.07,776.2,39.52,12.85
430.5,0.8086,0.5251,0.4083,0.7667,34.3,11.0,8.02,3.28,960.5,20.56,12.85
390.4,0.6415,0.4443,0.5236,0.5172,27.7,7.6,5.34,1.78,614.4,14.59,12.85
363.2,0.5506,0.3807,0.2433,0.3955,28.7,14.4,7.07,0.75,608.3,58.22,12.85
242.6,0.7478,0.3528,0.4765,0.754,23.0,8.1,9.01,0.7,266.5,43.13,11.84
326.2,0.9169,0.3946,0.4953,1.0551,25.9,15.1,5.43,0.91,453.2,42.91,12.85
316.9,0.7664,0.3152,0.495,0.7599,26.5,14.8,9.45,0.29,460.9,108.07,12.85
287.5,0.8597,0.3169,0.2445,0.776,35.2,11.2,9.27,1.51,668.0,41.34,12.85
408.1,0.7852,0.365,0.5851,0.6654,26.0,13.7,5.35,0.68,569.6,43.66,12.85
348.9,0.8459,0.1555,0.4365,0.7267,28.5,12.6,9.2,2.87,574.1,29.9,12.85
241.1,0.7714,0.5044,0.6273,0.7651,31.4,14.2,6.63,2.12,467.6,30.26,12.25
277.2,0.7753,0.551,0.418,0.8013,24.3,10.9,8.8,1.41,340.2,39.68,12.85
397.6,0.8636,0.474,0.5117,0.8549,28.8,14.1,6.88,0.68,668.5,57.68,12.85
239.8,0.745,0.4303,0.2836,0.6167,32.3,11.2,6.98,0.35,487.7,57.6,11.82
441.3,0.7815,0.4843,0.4195,0.745,34.1,15.5,7.85,2.25,976.9,37.44,12.85
348.7,0.784,0.4051,0.5714,0.7164,30.8,11.4,8.49,1.0,654.5,48.28,12.85
345.0,0.857,0.302,0.5646,0.8301,31.4,11.2,5.15,0.38,668.1,41.62,12.85
374.0,0.8024,0.5833,0.5961,0.7974,23.8,14.1,7.67,0.33,440.2,81.37,12.85
434.4,0.7394,0.5446,0.5629,0.7149,35.2,14.4,5.84,0.27,1009.6,66.13,12.85
310.4,0.8468,0.1691,0.4984,0.7412,23.9,12.0,6.56,2.25,368.0,24.18,12.85
396.3,0.8345,0.3938,0.5975,0.7023,32.8,8.6,6.57,0.39,826.1,40.71,12.85
367.1,0.8471,0.5478,0.4611,0.9426,25.7,11.2,7.11,1.12,503.2,37.57,12.85
289.4,0.6151,0.1971,0.2431,0.4902,35.1,15.7,6.5,0.9,667.7,53.76,12.57
448.4,0.6457,0.3965,0.4267,0.495,32.1,13.8,5.48,1.3,900.4,32.85,12.85
427.3,0.6733,0.4738,0.4711,0.5479,32.6,14.3,5.66,3.15,878.3,19.51,12.85
391.2,0.7372,0.2524,0.6062,0.5894,25.1,7.3,5.15,3.03,511.2,9.31,12.85
441.2,0.7311,0.4369,0.3894,0.6527,28.2,11.2,7.12,0.9,714.8,41.99,12.85
445.5,0.9131,0.4432,0.4395,1.0374,30.6,12.8,9.3,0.02,830.8,116.45,12.85
404.2,0.7124,0.2514,0.6013,0.6199,32.8,14.5,5.52,0.83,839.9,43.56,12.85
437.6,0.6639,0.5158,0.6161,0.5746,23.5,7.4,9.26,1.4,501.3,28.74,12.85
401.3,0.764,0.4103,0.4231,0.7461,35.5,14.7,8.3,1.22,942.1,54.76,12.85
396.8,0.6836,0.3944,0.4428,0.6082,34.5,11.9,7.87,1.58,891.4,36.4,12.85
380.8,0.7611,0.5937,0.7311,0.7685,25.8,8.8,7.9,0.25,525.0,55.45,12.85
415.7,0.8902,0.438,0.5159,1.0045,33.5,9.9,8.72,1.56,894.5,33.57,12.85
261.2,0.5678,0.3268,0.4276,0.4126,29.3,9.5,5.48,0.3,450.8,40.13,11.5
449.0,0.8984,0.4617,0.5893,1.0017,28.5,11.8,7.27,2.08,739.3,27.78,12.85
446.7,0.7558,0.5425,0.377,0.6984,26.4,7.5,8.14,0.62,643.3,37.47,12.85
227.6,0.8915,0.5103,0.4799,1.0325,30.1,8.4,7.64,1.86,412.7,22.54,11.58
434.7,0.8965,0.4585,0.5193,0.9242,32.2,14.3,8.75,0.07,878.9,116.63,12.85
253.5,0.8328,0.4066,0.4406,0.9138,27.8,8.2,5.33,0.79,399.3,24.43,11.87
307.1,0.843,0.609,0.5711,0.8917,30.8,9.1,8.11,1.83,577.7,26.06,12.85
413.3,0.737,0.3514,0.3138,0.6341,31.8,11.1,7.4,0.39,818.0,59.19,12.85
261.8,0.7555,0.4177,0.4988,0.7113,32.0,11.7,6.71,2.38,522.4,23.13,12.71
432.7,0.9131,0.4339,0.4556,1.0802,22.7,13.9,6.53,1.49,464.1,36.32,12.85
436.4,0.8892,0.4511,0.4264,1.0007,34.0,11.0,7.79,1.33,961.6,36.91,12.85
351.9,0.6879,0.2099,0.574,0.5474,28.4,14.1,9.01,0.65,577.7,76.83,12.85
221.7,0.828,0.3588,0.3851,0.856,25.7,12.6,7.23,0.99,303.1,45.72,11.22
294.6,0.6898,0.2354,0.3255,0.5925,25.4,8.0,8.71,1.36,394.4,29.54,12.85
380.4,0.6388,0.3083,0.2182,0.4798,28.8,8.4,6.81,0.96,637.6,29.22,12.85
475.1,0.6722,0.355,0.5885,0.5793,34.4,10.9,5.46,1.8,1065.0,21.34,12.85
384.3,0.6786,0.2051,0.2976,0.5614,27.3,10.6,5.28,0.85,587.8,30.11,12.85
287.5,0.8181,0.3274,0.4355,0.8588,32.5,13.7,5.23,0.34,589.4,53.49,12.85
384.8,0.7024,0.2248,0.533,0.6067,23.4,12.2,6.71,0.36,437.0,60.28,12.85
360.4,0.8528,0.5092,0.4073,0.9236,28.7,10.5,6.52,0.01,600.6,67.8,12.85
422.8,0.7485,0.3584,0.5689,0.5926,35.9,8.5,8.23,0.54,1009.7,45.71,12.85
247.8,0.6681,0.3439,0.5924,0.5606,32.8,9.0,8.34,2.07,515.1,24.55,11.72
417.9,0.7469,0.2377,0.4002,0.645,24.9,12.2,5.23,2.37,541.0,18.89,12.85
360.7,0.6509,0.3194,0.3825,0.5297,29.0,10.8,6.0,0.34,614.0,48.39,12.85
470.4,0.6059,0.2643,0.2984,0.4575,25.3,11.6,6.23,4.79,624.2,12.52,12.85
308.9,0.6257,0.1888,0.6365,0.4953,27.7,8.5,7.46,1.05,486.0,31.13,12.63
384.5,0.6817,0.4557,0.3411,0.6118,32.9,13.0,5.65,3.73,804.4,15.48,12.85
462.3,0.759,0.2185,0.6434,0.6707,32.8,14.7,5.6,1.84,961.5,28.94,12.85
246.7,0.8059,0.4048,0.6188,0.7624,25.2,9.3,9.25,1.92,325.4,29.49,12.21
463.7,0.7317,0.4231,0.6761,0.651,34.9,11.4,8.62,0.13,1062.3,86.88,12.85
398.9,0.8353,0.4916,0.5361,0.8998,30.3,15.8,5.81,0.37,729.7,66.82,12.85
237.6,0.79,0.4065,0.429,0.8233,27.3,10.0,6.83,0.01,364.0,67.39,12.09
298.3,0.7192,0.5314,0.4212,0.6531,29.0,12.4,6.6,1.89,507.8,28.23,12.85
404.1,0.6973,0.4629,0.3218,0.5992,30.5,7.8,8.56,0.63,746.5,40.94,12.85
237.5,0.7457,0.1248,0.6198,0.6147,29.8,12.5,7.3,2.32,423.7,27.39,11.09
371.4,0.8844,0.5971,0.5576,1.0105,28.8,7.8,5.58,0.62,624.3,26.85,12.85
309.9,0.7193,0.2301,0.3738,0.5744,29.1,15.6,8.33,2.57,529.0,36.49,12.85
381.4,0.8434,0.3095,0.4324,0.7893,24.5,13.4,6.79,0.21,475.6,75.37,12.85
231.9,0.6416,0.3408,0.6301,0.5284,33.4,14.1,6.18,0.29,495.7,67.78,11.21
446.6,0.7867,0.2948,0.3675,0.7141,29.6,13.3,6.69,0.63,785.3,54.9,12.85
473.1,0.8249,0.4002,0.3903,0.7277,23.8,12.3,7.24,0.79,559.9,49.85,12.85
471.9,0.9086,0.4425,0.4542,1.0234,32.7,11.0,6.54,0.64,978.1,44.0,12.85
414.9,0.6681,0.3273,0.3841,0.5305,35.1,14.7,6.09,2.16,956.5,28.34,12.85
253.8,0.7539,0.3757,0.6546,0.7243,35.3,15.6,6.79,0.15,590.4,91.98,12.83
