crop_age_days,sat_ndvi,sat_evi,sat_temp_celsius,sat_diurnal_temp_range,sat_solar_radiation_kwh_m2,sat_precipitation_mm,sat_humidity_pct,gdd,sucrose_pct
282.4,0.778,0.612,30.3,8.9,8.64,2.23,45.8,516.9,17.29
409.2,0.702,0.603,29.7,8.7,8.32,3.19,74.1,722.9,16.89
361.0,0.595,0.551,22.4,16.0,7.37,0.58,84.8,375.9,17.23
331.7,0.832,0.746,27.5,8.7,9.28,1.96,31.7,512.8,18.01
234.3,0.772,0.703,28.1,9.0,5.5,1.7,79.4,376.9,13.89
234.3,0.526,0.464,28.4,14.4,5.05,3.58,64.2,383.8,13.63
212.8,0.878,0.78,31.3,10.9,8.77,4.73,83.5,410.3,14.79
390.6,0.837,0.77,30.5,14.5,6.7,0.02,55.6,724.0,18.25
332.2,0.896,0.717,31.7,6.7,8.73,2.24,76.6,655.4,17.19
355.8,0.791,0.671,34.2,11.4,8.97,0.11,33.4,791.2,18.8
204.5,0.738,0.586,35.0,6.4,4.81,1.59,48.4,470.6,12.05
413.4,0.647,0.613,33.5,6.7,8.92,0.68,33.7,888.4,16.04
383.1,0.888,0.834,37.3,16.0,6.74,0.73,83.6,968.9,18.35
246.7,0.857,0.65,22.3,7.5,7.05,0.87,74.9,253.9,15.42
240.0,0.471,0.42,25.1,11.9,7.63,1.94,76.9,315.2,13.76
240.3,0.462,0.432,22.1,10.5,9.13,0.81,81.6,243.3,14.94
266.9,0.627,0.493,32.4,9.8,4.6,2.64,34.7,543.5,13.8
315.4,0.831,0.718,36.4,15.9,6.88,1.04,51.2,768.7,18.06
295.0,0.914,0.853,25.9,6.2,7.94,0.14,33.9,410.0,16.8
264.1,0.521,0.394,36.8,13.3,8.11,3.06,41.6,655.8,15.57
334.6,0.729,0.649,23.0,16.6,7.96,0.67,42.6,366.9,18.8
230.7,0.629,0.509,37.0,12.2,5.17,1.13,55.8,575.6,14.11
264.3,0.906,0.847,27.6,16.3,6.0,2.31,44.8,413.0,17.9
280.6,0.846,0.799,23.6,6.6,6.29,0.81,35.6,326.1,15.7
300.3,0.844,0.792,29.8,10.6,8.52,0.12,39.2,533.8,18.11
372.7,0.67,0.566,26.1,8.9,5.89,0.94,38.1,525.9,15.48
243.9,0.645,0.595,26.6,14.0,5.55,5.78,83.5,355.1,13.23
313.1,0.579,0.532,26.9,16.8,9.29,2.05,71.8,467.1,18.8
330.3,0.476,0.388,34.8,8.8,4.54,2.23,83.2,754.8,13.63
210.2,0.856,0.784,30.6,13.2,9.49,2.0,54.2,391.6,16.25
333.7,0.832,0.63,27.0,8.2,7.88,0.44,45.3,499.9,18.32
237.5,0.92,0.8,31.8,12.2,8.64,1.08,73.9,469.5,17.63
214.3,0.918,0.731,33.5,11.1,5.97,2.78,47.9,459.9,14.34
408.8,0.711,0.55,26.4,16.7,4.57,0.21,46.5,587.1,18.17
412.4,0.811,0.621,28.6,12.7,8.19,0.65,42.8,685.3,18.8
377.8,0.894,0.795,24.0,9.8,8.67,0.65,37.1,451.5,17.87
267.0,0.849,0.695,24.9,7.3,8.2,1.13,44.1,344.4,15.41
221.5,0.566,0.507,32.9,7.7,5.21,7.86,49.5,462.9,10.5
350.5,0.662,0.505,24.9,8.5,8.27,0.14,67.1,452.3,17.61
296.8,0.511,0.415,30.4,8.8,8.34,1.46,33.4,546.3,14.66
226.8,0.898,0.771,33.3,15.4,7.79,0.4,41.6,484.2,17.28
308.9,0.735,0.667,23.7,12.2,8.33,7.06,74.5,361.8,16.2
207.6,0.557,0.454,31.1,11.8,8.73,0.24,38.1,396.0,14.62
400.1,0.766,0.67,26.1,7.3,7.57,1.03,48.8,564.3,16.58
256.9,0.741,0.687,37.4,15.5,4.94,2.68,77.6,652.8,15.9
345.8,0.618,0.54,29.7,14.0,6.94,2.44,38.5,613.3,17.55
268.6,0.503,0.401,34.9,6.7,4.89,1.1,34.6,614.9,12.82
314.4,0.766,0.578,30.8,13.8,6.54,0.85,56.6,591.2,17.09
320.3,0.695,0.642,22.7,12.0,6.54,1.01,46.6,342.5,16.31
240.7,0.813,0.613,32.1,6.9,4.83,0.61,61.0,484.5,14.17
413.3,0.694,0.642,37.2,11.0,6.24,0.46,74.2,1042.5,17.61
370.5,0.851,0.728,31.6,11.3,5.05,1.32,37.5,727.2,16.88
406.7,0.709,0.665,35.1,7.8,8.54,0.63,61.9,939.7,17.19
396.9,0.714,0.649,36.1,16.4,9.24,0.68,57.8,958.3,18.58
331.5,0.862,0.819,25.6,15.3,4.86,2.14,37.9,452.5,18.32
402.8,0.64,0.525,25.4,13.4,9.28,6.92,64.3,539.5,17.03
219.5,0.513,0.463,31.8,11.1,7.11,1.85,45.1,434.0,13.8
243.1,0.464,0.385,28.6,10.5,6.0,0.16,56.8,403.0,15.05
210.0,0.805,0.681,35.4,13.2,4.88,0.16,34.5,492.1,13.81
271.6,0.742,0.649,36.4,12.0,7.0,6.05,55.3,662.6,14.62
285.5,0.781,0.722,27.7,6.7,8.47,0.71,46.9,447.0,15.84
259.7,0.55,0.521,25.8,11.6,8.04,0.19,75.2,358.1,16.52
382.3,0.514,0.465,34.5,14.9,4.75,1.83,33.1,859.8,15.23
278.5,0.457,0.381,26.4,11.1,4.86,1.95,53.0,400.9,14.43
261.8,0.615,0.513,35.2,6.6,6.51,2.09,55.2,606.4,14.74
319.4,0.727,0.653,28.8,14.6,5.98,0.62,69.9,535.9,17.5
231.0,0.634,0.506,32.7,8.2,5.66,0.03,61.6,477.7,14.12
376.5,0.656,0.506,23.5,8.8,5.91,6.71,66.7,434.0,13.71
216.4,0.875,0.718,32.0,7.8,8.52,0.58,72.7,432.4,14.31
417.1,0.614,0.496,29.2,9.6,9.15,2.25,77.4,718.6,17.43
369.9,0.692,0.56,31.4,14.3,6.53,2.45,47.3,717.1,17.61
243.7,0.818,0.652,24.7,11.7,9.03,1.88,59.6,309.2,16.59
201.2,0.636,0.483,33.8,8.3,6.11,0.75,76.2,438.4,12.17
379.4,0.742,0.559,35.8,15.7,6.88,0.63,84.4,903.2,17.08
355.5,0.855,0.81,25.5,15.7,5.63,1.82,78.9,478.8,17.51
360.4,0.896,0.749,23.5,15.6,7.7,4.02,50.4,415.6,18.8
369.7,0.519,0.429,22.4,8.6,9.39,5.86,40.7,383.7,14.2
216.3,0.885,0.784,32.3,11.0,7.52,0.22,56.9,438.5,15.87
278.9,0.681,0.541,31.7,16.8,6.29,0.34,70.8,549.7,18.28
225.5,0.571,0.537,30.7,14.5,7.74,5.79,57.1,422.7,12.95
389.9,0.666,0.604,25.7,6.3,5.11,2.67,56.6,534.6,14.8
337.1,0.911,0.699,28.3,6.7,8.94,4.29,76.1,548.0,17.95
272.8,0.682,0.568,31.5,11.1,7.02,0.45,49.9,532.3,16.67
214.0,0.605,0.56,29.9,16.0,6.75,1.77,77.3,384.1,15.73
268.4,0.748,0.702,37.8,11.9,7.43,2.42,52.4,692.6,15.68
271.5,0.563,0.475,24.2,11.5,7.62,2.28,48.1,330.8,16.07
360.5,0.486,0.424,33.1,7.2,4.86,1.05,55.0,761.5,13.92
340.3,0.511,0.4,28.5,13.2,7.91,0.03,71.9,560.4,17.84
395.2,0.51,0.484,28.9,15.0,5.71,1.75,36.9,665.9,16.33
303.9,0.521,0.415,33.5,10.2,8.07,0.58,40.8,652.8,15.53
226.3,0.515,0.484,33.1,14.5,8.61,1.2,82.3,477.0,15.06
356.9,0.751,0.661,37.9,16.6,8.52,6.32,39.7,923.0,16.49
367.4,0.535,0.467,24.1,8.2,7.26,1.02,61.2,442.8,15.67
323.5,0.612,0.522,23.7,11.8,7.1,3.66,61.9,377.4,16.6
369.6,0.871,0.694,33.6,9.2,5.21,0.42,56.9,798.0,17.44
308.6,0.673,0.528,31.3,14.7,8.38,2.23,65.5,594.3,18.37
315.0,0.764,0.606,26.4,12.4,5.86,7.55,42.6,453.2,15.41
294.1,0.531,0.418,23.3,13.0,6.98,0.21,60.4,331.4,16.82
205.6,0.54,0.49,23.4,14.8,5.92,0.02,50.5,233.8,13.54
223.7,0.469,0.385,36.3,10.4,5.17,1.14,66.4,543.8,12.32
206.9,0.529,0.403,25.1,16.1,7.65,0.19,37.8,270.4,15.37
340.0,0.581,0.548,27.2,11.9,4.77,2.76,61.4,515.9,16.05
269.2,0.533,0.494,25.6,7.7,8.24,4.92,40.2,366.8,14.71
311.9,0.492,0.46,27.7,13.7,6.09,1.14,45.3,489.0,15.79
399.7,0.507,0.481,23.1,14.7,4.5,0.6,42.0,444.1,15.12
254.8,0.667,0.523,30.3,9.5,7.06,1.14,40.1,466.5,15.52
290.3,0.547,0.454,23.1,15.4,4.73,2.57,75.4,321.7,15.86
366.2,0.621,0.56,34.8,16.0,5.88,0.02,45.7,835.2,18.7
250.3,0.687,0.611,25.7,9.0,8.03,1.78,81.0,343.9,14.83
216.9,0.774,0.605,30.6,16.8,4.81,1.9,83.3,404.4,14.54
263.7,0.468,0.428,36.1,7.5,8.7,2.03,61.4,635.1,14.62
235.5,0.826,0.656,32.4,8.2,4.52,0.55,37.9,480.7,14.12
404.5,0.745,0.592,30.5,8.0,5.73,2.5,50.6,749.5,15.62
377.8,0.488,0.419,27.2,15.8,8.2,0.19,73.9,573.8,17.73
339.3,0.861,0.747,27.3,13.2,6.08,0.44,50.2,520.2,18.8
391.7,0.883,0.765,32.7,7.7,5.01,4.2,34.8,811.3,16.28
376.8,0.479,0.368,37.9,10.8,6.3,2.68,60.6,976.2,14.9
241.0,0.58,0.537,32.6,12.8,5.85,0.03,76.5,496.3,15.73
396.4,0.829,0.666,30.9,6.9,8.71,0.57,73.8,750.1,17.62
318.7,0.802,0.622,33.7,15.7,6.07,0.48,39.6,691.2,18.8
377.6,0.537,0.498,29.4,14.8,8.44,0.63,67.0,658.7,17.43
397.1,0.548,0.516,23.0,11.6,8.96,0.57,42.1,435.4,17.16
270.0,0.624,0.576,31.0,16.6,6.67,0.13,42.0,512.8,17.03
224.2,0.678,0.618,37.3,10.6,9.05,1.23,78.1,567.7,14.97
250.1,0.741,0.652,24.8,16.8,6.39,2.64,43.7,320.3,15.53
294.0,0.623,0.536,33.0,13.3,9.32,1.87,44.5,618.5,17.88
380.0,0.667,0.512,25.2,13.0,4.95,2.23,30.0,502.1,15.43
389.4,0.801,0.666,30.6,7.8,7.94,0.17,77.9,723.2,18.37
201.5,0.467,0.385,23.5,15.7,6.97,6.05,73.6,232.7,11.96
312.4,0.569,0.456,29.2,10.7,6.44,3.65,64.5,537.5,15.55
291.8,0.785,0.703,34.1,7.8,7.66,3.27,71.3,644.9,15.96
248.9,0.871,0.739,27.6,6.1,8.02,3.46,38.4,387.3,15.2
226.4,0.69,0.529,32.6,12.2,4.52,5.4,55.2,467.2,13.14
274.3,0.7,0.556,34.7,11.8,5.33,1.57,49.3,623.4,14.33
407.4,0.5,0.444,36.8,13.9,8.07,0.45,35.2,1011.9,18.24
271.1,0.66,0.505,25.8,15.8,7.83,1.92,56.7,372.9,17.27
314.1,0.7,0.644,28.4,6.9,9.33,2.72,80.6,514.8,16.04
354.7,0.564,0.479,24.4,14.0,8.31,2.68,32.2,441.2,16.82
280.0,0.577,0.488,37.9,8.1,9.25,1.47,46.0,724.6,16.47
413.8,0.627,0.545,36.8,15.4,8.01,0.14,41.4,1027.5,18.31
411.7,0.459,0.42,30.6,15.0,5.99,0.93,43.1,767.5,15.47
255.4,0.601,0.493,35.5,11.9,5.03,5.07,80.0,599.5,13.66
309.4,0.549,0.487,30.3,13.8,8.41,1.76,55.7,567.3,17.19
266.2,0.604,0.521,32.0,9.5,7.72,1.55,55.6,531.8,14.84
262.7,0.506,0.407,23.4,11.2,4.74,0.63,71.8,300.1,14.05
208.1,0.869,0.804,34.1,15.0,6.3,0.92,38.5,459.6,14.49
334.1,0.729,0.663,24.0,11.1,9.28,4.51,56.8,402.4,18.36
310.6,0.769,0.678,35.2,9.9,7.0,2.2,53.6,721.1,17.14
211.3,0.821,0.755,34.5,11.4,6.66,3.1,62.8,475.7,14.56
261.3,0.684,0.632,33.3,15.1,6.79,1.21,85.0,557.6,16.54
399.8,0.491,0.438,22.6,9.7,5.54,1.99,72.3,423.0,15.62
252.7,0.702,0.644,26.9,7.9,6.34,0.57,51.9,375.3,14.48
231.9,0.726,0.646,26.2,13.8,6.35,2.44,75.5,329.5,14.6
307.7,0.8,0.709,27.8,15.1,4.76,1.12,39.4,485.0,17.18
416.8,0.653,0.57,23.4,7.1,8.34,1.17,31.7,475.3,17.06
253.3,0.51,0.459,37.0,8.6,6.58,2.1,41.2,632.9,13.44
347.9,0.583,0.456,30.9,7.6,8.61,5.51,48.7,656.1,14.4
367.6,0.621,0.575,26.9,9.8,8.75,0.13,58.1,547.2,17.81
252.3,0.754,0.697,28.4,11.0,5.56,3.48,63.8,412.5,15.01
360.2,0.718,0.543,29.2,14.2,7.79,0.69,80.1,617.9,17.5
280.9,0.617,0.565,31.6,13.2,6.86,1.17,58.0,550.9,16.64
339.1,0.914,0.709,30.3,12.8,8.9,0.04,57.6,618.9,18.8
339.4,0.735,0.6,36.7,9.9,5.58,0.72,32.8,838.6,16.11
317.9,0.561,0.505,30.0,15.3,7.89,1.4,31.9,570.6,16.89
219.9,0.498,0.389,37.9,11.2,7.54,0.12,60.3,568.9,13.56
383.8,0.522,0.477,35.6,16.8,5.98,1.35,54.1,906.6,16.8
270.6,0.566,0.518,25.3,13.0,5.18,5.24,76.2,360.8,14.09
241.0,0.526,0.447,36.9,7.4,7.76,0.22,38.8,599.9,14.67
209.0,0.538,0.404,23.9,13.4,8.19,2.89,31.4,247.9,13.95
330.0,0.584,0.472,35.1,9.6,6.08,1.05,54.7,761.6,15.17
349.1,0.531,0.464,28.1,13.5,7.72,2.13,43.1,561.6,16.28
203.6,0.871,0.825,36.0,6.8,6.48,0.6,32.7,489.7,13.55
312.7,0.488,0.427,35.9,7.9,8.07,0.35,69.9,746.9,16.46
249.8,0.697,0.559,34.9,15.4,5.5,0.35,36.1,572.0,15.69
341.9,0.643,0.564,34.6,8.5,8.95,0.15,63.5,774.2,18.21
238.4,0.912,0.782,26.9,15.2,5.94,0.41,45.5,354.6,17.41
352.0,0.503,0.455,23.3,9.1,6.34,2.18,39.5,397.6,15.69
285.1,0.637,0.491,28.4,13.1,4.79,4.27,50.9,468.9,14.82
406.1,0.906,0.817,24.8,13.6,5.06,3.37,74.1,518.8,16.88
230.3,0.857,0.735,33.1,11.6,7.08,2.31,51.6,486.3,15.41
275.0,0.834,0.786,27.5,9.4,5.84,0.23,71.3,427.3,16.76
225.0,0.571,0.467,37.6,8.3,8.68,0.68,36.9,576.1,14.73
403.4,0.53,0.465,32.3,6.4,4.57,0.74,72.5,817.2,14.24
393.0,0.764,0.716,35.2,9.3,6.4,0.58,43.0,910.2,16.28
256.7,0.887,0.683,24.1,13.2,6.19,1.45,67.3,311.2,16.06
345.2,0.712,0.667,35.8,16.3,4.6,1.53,61.1,821.3,17.49
379.8,0.719,0.638,36.8,15.6,5.12,0.88,81.1,940.5,16.61
322.1,0.582,0.444,29.8,14.4,6.57,0.87,51.3,573.2,17.41
316.5,0.812,0.658,31.7,14.7,6.96,3.53,33.6,623.6,17.93
253.2,0.538,0.48,34.2,13.3,6.52,3.11,31.1,563.1,15.67
220.5,0.602,0.46,24.8,8.9,7.15,0.74,75.5,282.2,13.77
397.4,0.65,0.563,30.0,16.0,7.48,4.9,58.9,716.9,17.79
398.1,0.689,0.564,28.4,13.4,4.55,6.11,72.6,652.0,14.46
339.3,0.564,0.493,24.3,12.2,6.82,0.79,42.9,418.7,16.09
274.6,0.504,0.383,27.9,7.2,9.32,0.88,49.0,436.1,15.28
276.8,0.737,0.681,23.1,10.9,7.1,1.41,31.7,307.0,16.25
359.7,0.586,0.553,22.4,11.1,7.89,5.66,82.9,374.6,14.79
397.4,0.723,0.683,24.2,15.5,6.06,4.18,66.7,483.3,17.41
395.2,0.523,0.47,37.4,12.0,8.37,0.22,81.3,1004.1,17.5
371.6,0.676,0.525,30.8,10.2,8.36,1.0,44.6,698.3,16.03
341.2,0.7,0.631,37.5,16.7,7.11,1.61,63.6,868.6,18.34
218.5,0.474,0.358,28.9,7.2,9.38,1.4,67.3,369.7,12.83
235.6,0.608,0.459,27.0,10.6,5.13,0.43,47.5,353.1,13.82
397.7,0.513,0.418,30.1,6.5,4.58,3.92,76.6,719.7,13.11
333.4,0.48,0.407,29.0,14.1,8.35,2.26,82.1,567.9,16.08
202.0,0.915,0.827,23.7,16.1,8.54,3.64,78.7,236.2,15.32
222.3,0.602,0.533,32.3,9.1,5.1,3.91,70.6,450.3,12.54
346.0,0.831,0.697,25.5,15.4,5.83,2.76,45.3,465.6,18.79
201.1,0.57,0.458,31.9,9.2,4.59,1.16,45.5,400.5,11.54
235.4,0.77,0.731,32.4,16.0,5.97,1.89,83.0,480.2,15.84
320.7,0.807,0.674,24.4,14.3,8.37,0.35,30.6,398.7,18.8
352.2,0.73,0.613,23.0,14.9,7.09,2.24,69.4,386.8,17.89
343.4,0.672,0.526,34.5,6.2,6.24,0.4,68.8,772.5,15.89
249.3,0.644,0.585,29.4,16.6,6.36,2.37,64.2,432.8,15.4
356.7,0.614,0.546,22.9,14.0,4.51,0.52,84.5,389.9,16.55
252.2,0.887,0.704,37.9,9.4,6.0,0.25,47.2,653.6,17.03
271.6,0.84,0.644,22.9,15.1,7.73,0.36,48.7,296.7,17.99
364.2,0.904,0.801,33.1,9.1,9.37,0.0,34.3,769.3,18.77
342.9,0.508,0.448,37.7,15.6,8.74,2.54,54.4,882.6,17.42
386.8,0.794,0.638,25.8,7.2,4.62,2.64,44.4,534.9,14.85
344.7,0.891,0.838,24.3,13.7,8.99,1.45,48.9,423.1,18.8
325.0,0.535,0.418,23.9,11.9,8.42,0.35,75.9,388.2,17.17
220.6,0.481,0.403,26.9,7.1,8.4,0.17,81.5,327.7,14.66
280.9,0.798,0.749,23.6,8.7,6.79,0.04,40.2,326.3,17.28
258.3,0.72,0.6,33.1,6.1,6.49,0.36,50.5,544.5,15.2
253.7,0.846,0.742,23.0,11.2,6.01,4.43,81.1,279.0,16.17
414.1,0.516,0.428,30.2,9.3,4.83,0.55,33.4,751.6,15.07
286.5,0.824,0.663,37.9,12.6,5.64,0.87,35.1,743.3,16.34
396.3,0.545,0.516,35.0,9.3,5.73,0.22,39.0,912.3,15.45
338.9,0.527,0.438,31.8,9.3,6.92,0.5,62.7,672.4,15.49
374.9,0.527,0.49,26.9,14.2,8.24,1.46,38.3,558.5,17.49
310.6,0.833,0.663,32.0,6.5,6.87,1.87,83.2,620.6,16.15
326.9,0.763,0.604,30.4,15.9,4.79,0.56,54.6,602.6,16.45
308.4,0.696,0.526,28.8,15.4,9.29,0.12,57.6,518.6,18.8
243.0,0.619,0.545,24.1,13.3,9.21,0.99,43.6,293.8,16.03
358.9,0.862,0.71,36.2,12.5,8.43,0.53,55.9,868.1,18.53
261.8,0.634,0.586,29.2,15.8,9.46,0.5,66.4,450.2,18.8
205.3,0.834,0.704,25.1,8.0,7.22,6.43,71.3,269.3,11.77
342.0,0.656,0.619,27.9,6.9,9.31,1.92,71.5,543.2,16.7
239.0,0.627,0.494,28.6,8.6,4.88,1.63,61.8,397.3,14.03
406.9,0.667,0.617,35.2,14.7,6.33,1.07,79.7,945.7,18.16
409.9,0.592,0.536,33.7,6.4,5.63,1.12,75.0,891.0,14.42
401.3,0.801,0.725,34.3,12.4,5.48,1.56,71.6,895.2,17.11
281.4,0.686,0.631,22.2,16.9,5.2,2.38,33.1,286.4,16.85
203.4,0.559,0.504,28.7,15.4,7.61,2.42,30.4,338.8,14.05
404.2,0.873,0.764,29.7,11.7,8.41,0.38,41.7,715.5,18.8
294.2,0.63,0.489,22.3,6.7,7.39,1.39,66.5,303.2,15.39
412.7,0.705,0.534,26.2,15.1,5.23,1.06,52.6,584.2,15.79
412.0,0.876,0.818,34.2,12.6,8.56,4.09,52.1,913.2,18.8
387.7,0.743,0.649,24.2,7.3,7.68,2.0,78.7,472.7,16.39
264.8,0.505,0.459,30.6,7.0,6.44,1.52,79.3,491.6,13.69
284.7,0.892,0.755,25.4,16.0,7.87,0.25,80.0,382.8,18.8
387.3,0.745,0.576,22.2,13.4,5.8,1.86,47.3,394.8,16.67
269.7,0.607,0.471,25.9,15.1,6.23,0.25,68.0,373.8,16.61
237.3,0.515,0.457,37.6,15.7,9.09,0.82,44.9,607.8,16.69
322.5,0.823,0.688,34.8,12.3,5.95,0.31,40.5,736.1,17.61
406.0,0.741,0.586,37.4,11.7,6.85,2.36,40.2,1029.2,16.79
353.1,0.701,0.594,29.8,10.7,8.95,0.46,48.8,628.8,18.31
325.4,0.87,0.664,23.8,9.5,8.04,0.99,53.6,382.5,17.99
221.4,0.821,0.711,30.8,10.8,4.81,4.52,75.7,415.5,14.01
335.3,0.521,0.419,29.3,14.5,5.24,0.46,36.6,579.1,16.08
417.8,0.597,0.543,35.5,12.6,4.54,1.42,70.4,982.3,15.3
230.8,0.567,0.46,23.6,15.8,7.65,1.09,59.2,267.0,15.0
314.0,0.8,0.673,29.8,10.9,6.74,0.04,45.8,559.4,17.77
393.0,0.466,0.35,24.4,12.7,5.17,3.15,57.1,487.4,15.38
363.0,0.718,0.549,27.2,12.9,9.29,0.14,46.5,551.5,18.8
353.3,0.808,0.67,33.8,12.5,7.15,1.29,62.8,770.2,16.9
354.5,0.862,0.729,29.6,13.7,5.71,1.65,53.9,624.6,18.08
279.1,0.611,0.531,28.0,8.6,7.0,1.98,39.0,446.9,15.23
264.6,0.836,0.676,28.3,11.6,7.9,2.33,36.4,431.6,17.51
378.1,0.502,0.446,29.4,7.1,4.88,0.58,60.1,656.0,14.28
378.2,0.848,0.782,34.6,10.2,5.87,0.02,79.6,853.3,18.11
390.8,0.51,0.462,36.3,11.4,8.53,2.57,48.9,948.5,16.7
400.9,0.637,0.483,37.3,13.2,6.8,1.53,70.3,1013.7,17.43
312.5,0.825,0.698,34.6,16.5,7.23,3.62,66.2,705.9,18.8
310.3,0.52,0.401,27.0,12.6,6.66,3.45,81.2,466.9,15.86
375.6,0.558,0.445,33.0,14.2,4.72,3.71,75.2,789.2,16.78
343.0,0.789,0.748,29.0,11.6,5.33,1.33,61.2,583.1,16.97
354.4,0.788,0.614,26.1,13.0,6.73,0.81,66.1,498.9,17.78
375.1,0.751,0.638,35.5,6.8,5.55,3.14,79.4,879.7,14.8
395.8,0.776,0.678,22.6,8.8,4.75,1.2,52.0,420.1,15.04
274.4,0.705,0.628,36.4,10.0,8.72,0.41,48.0,670.2,17.41
282.6,0.568,0.49,29.4,11.2,9.41,3.86,30.6,491.3,16.58
220.7,0.612,0.461,32.2,6.5,8.47,4.28,75.5,445.7,13.21
327.2,0.535,0.436,32.5,7.5,8.77,1.26,74.1,672.4,15.86
207.9,0.877,0.749,36.3,9.0,5.71,0.16,35.7,505.7,14.96
302.4,0.724,0.556,32.2,16.7,9.3,0.98,61.7,610.5,18.8
319.4,0.638,0.524,31.8,9.6,5.48,3.25,55.5,633.1,14.9
263.0,0.667,0.505,23.1,11.3,9.26,4.64,36.5,291.1,16.45
330.0,0.895,0.685,30.3,8.2,9.47,0.45,83.9,603.7,18.59
206.7,0.522,0.433,24.4,12.7,8.06,0.14,41.8,256.4,14.11
208.2,0.726,0.563,33.8,9.1,9.41,4.2,33.7,453.9,14.1
381.0,0.688,0.594,30.2,8.3,7.35,0.99,62.7,693.2,15.96
279.2,0.737,0.655,32.9,11.7,5.8,1.56,70.6,583.2,15.34
228.0,0.459,0.417,22.7,6.1,6.68,6.89,31.8,243.2,11.28
314.9,0.86,0.679,23.4,6.1,7.47,0.14,66.2,357.6,16.96
369.4,0.888,0.696,33.5,8.4,4.87,2.09,59.3,792.8,14.77
247.5,0.716,0.552,23.2,6.4,7.61,0.15,35.7,276.0,16.18
337.0,0.777,0.682,23.1,7.2,9.41,0.94,39.5,375.5,17.68
218.8,0.884,0.788,22.2,9.7,5.45,3.26,61.2,223.0,13.92
211.4,0.782,0.592,37.3,14.8,8.46,1.14,46.3,534.9,15.53
316.9,0.522,0.489,33.8,12.3,9.04,11.74,81.6,690.8,14.83
318.9,0.721,0.548,27.7,11.6,9.22,1.64,75.0,499.2,18.63
340.2,0.735,0.631,26.7,9.2,9.3,0.77,84.1,501.7,18.31
359.7,0.649,0.579,27.6,16.2,7.11,0.5,44.3,561.0,18.7
414.7,0.796,0.736,34.4,10.4,9.39,0.86,83.3,928.7,18.56
313.6,0.889,0.794,32.6,7.0,8.29,0.93,53.7,645.4,17.16
271.1,0.885,0.806,25.0,12.8,5.31,0.14,49.1,351.4,16.66
374.9,0.662,0.541,24.8,7.3,6.88,0.92,32.8,479.4,15.43
259.6,0.503,0.459,23.6,9.8,8.09,1.25,32.9,300.5,14.89
296.6,0.913,0.699,32.6,11.6,5.74,2.57,68.1,609.9,16.8
217.3,0.844,0.784,34.2,15.6,7.7,2.14,55.2,483.0,15.86
205.6,0.509,0.437,26.2,11.4,7.83,2.47,42.5,292.8,13.14
411.8,0.883,0.806,22.3,13.7,5.31,0.02,63.8,425.6,18.36
383.9,0.859,0.722,23.3,16.9,7.33,0.49,43.9,434.4,18.8
353.1,0.694,0.61,37.5,7.4,8.36,2.17,61.8,899.9,15.94
290.0,0.728,0.623,26.7,9.0,6.99,1.32,49.8,427.0,15.64
238.1,0.638,0.571,34.3,10.3,4.56,0.01,75.3,531.2,13.69
234.4,0.476,0.365,32.0,10.6,4.55,3.26,75.1,468.7,13.3
255.1,0.608,0.463,28.1,10.5,6.29,2.96,56.3,410.9,13.71
320.8,0.827,0.661,25.3,16.0,9.13,1.59,49.3,426.4,18.8
357.2,0.452,0.354,23.9,13.9,5.64,0.14,49.9,426.6,16.96
345.2,0.607,0.561,31.8,12.7,7.67,2.91,74.3,685.0,16.8
261.6,0.637,0.506,34.4,9.4,5.61,1.75,48.0,585.8,13.3
410.1,0.703,0.664,32.3,15.1,6.11,3.05,41.5,832.5,17.13
362.3,0.882,0.721,30.5,16.5,8.74,2.79,34.7,669.8,18.8
322.0,0.613,0.482,22.7,15.0,8.14,3.25,55.7,343.6,17.21
334.6,0.613,0.557,37.5,6.0,4.98,1.46,56.5,853.0,14.13
292.3,0.797,0.702,34.8,13.0,6.64,0.3,76.2,665.9,18.65
254.5,0.663,0.563,26.7,6.6,4.65,2.22,42.2,373.7,13.75
278.3,0.556,0.478,37.7,8.8,6.9,1.94,51.0,714.7,14.44
366.7,0.663,0.592,31.6,6.7,7.81,2.71,74.5,719.9,15.13
203.2,0.516,0.411,31.3,12.6,5.09,0.37,75.3,392.5,12.89
225.5,0.533,0.506,34.0,13.6,5.94,0.43,51.2,495.5,14.43
210.1,0.684,0.647,35.0,7.3,6.49,4.42,55.3,483.0,13.07
209.0,0.647,0.569,32.5,10.2,9.1,2.77,46.7,428.4,13.87
388.2,0.88,0.695,24.0,11.0,9.47,4.78,81.3,467.8,18.8
354.8,0.62,0.55,27.4,10.1,4.72,2.84,36.5,546.8,16.05
304.3,0.723,0.553,36.8,7.3,8.31,1.82,81.4,756.2,16.65
221.5,0.747,0.565,25.6,10.6,6.36,2.12,67.6,301.1,14.15
308.2,0.456,0.366,28.0,14.3,6.46,4.4,59.2,491.7,15.75
304.2,0.762,0.642,28.9,6.8,8.27,1.73,31.8,514.4,16.16
238.1,0.534,0.493,29.0,6.9,9.09,2.0,56.2,405.5,14.6
295.4,0.902,0.807,31.8,9.9,9.25,0.34,52.4,585.2,18.7
287.7,0.52,0.467,37.1,16.4,7.39,1.28,38.9,721.7,16.72
335.5,0.645,0.539,25.9,13.4,6.29,2.52,66.1,464.7,16.71
339.7,0.49,0.401,23.9,13.5,8.44,0.63,83.4,405.8,16.6
210.0,0.919,0.757,25.2,10.0,5.76,0.45,60.9,276.3,14.1
282.4,0.686,0.65,36.2,12.5,7.32,0.75,69.3,683.2,16.7
337.7,0.73,0.553,32.3,6.1,6.29,0.55,33.8,686.6,15.4
310.7,0.482,0.445,26.6,13.0,7.78,0.48,53.0,452.8,17.29
388.4,0.802,0.695,35.1,16.0,5.7,1.11,36.4,895.5,17.61
344.9,0.549,0.46,35.8,12.7,5.46,4.77,63.7,820.3,16.27
235.8,0.872,0.781,35.5,15.6,9.09,1.41,81.6,555.3,17.09
215.5,0.546,0.463,36.7,14.0,5.01,0.42,66.4,532.4,14.68
341.3,0.54,0.499,26.0,7.3,7.03,0.16,34.2,479.1,15.09
205.8,0.467,0.435,34.1,15.9,5.6,2.38,49.5,454.5,13.26
328.9,0.672,0.561,29.4,6.7,4.69,0.97,60.3,571.2,14.86
406.9,0.715,0.576,35.5,11.9,4.68,3.45,52.2,955.0,15.64
326.6,0.481,0.418,33.7,7.6,5.38,2.15,75.9,707.3,14.43
285.4,0.814,0.759,34.4,6.1,8.83,3.18,74.8,640.0,16.91
341.5,0.663,0.525,32.5,10.6,5.91,0.63,63.7,700.1,15.0
300.8,0.696,0.609,24.8,9.2,9.25,2.36,50.5,386.2,17.18
320.0,0.657,0.576,30.7,11.3,7.41,0.61,44.0,599.1,15.58
407.1,0.638,0.572,37.8,12.3,6.68,5.6,35.8,1048.5,14.67
284.9,0.713,0.554,37.0,6.5,7.4,2.02,49.5,712.3,16.11
411.5,0.523,0.467,22.7,7.4,7.08,0.78,52.7,439.9,14.8
399.2,0.536,0.499,24.6,12.1,8.29,0.63,67.2,504.4,16.18
243.1,0.855,0.672,24.1,9.8,5.91,0.42,66.2,294.3,15.73
215.3,0.895,0.714,33.6,14.0,6.27,2.37,33.9,465.3,16.11
222.2,0.625,0.591,35.1,13.2,8.97,0.49,51.7,512.9,15.08
204.0,0.577,0.454,25.4,15.3,9.23,1.81,40.0,273.7,14.15
220.8,0.753,0.693,30.1,13.6,8.96,0.61,38.6,399.5,16.44
350.3,0.642,0.545,35.5,10.7,6.6,2.17,75.5,821.4,17.04
215.7,0.462,0.369,33.7,13.4,8.4,3.37,32.3,468.5,13.93
270.2,0.523,0.484,30.7,9.0,6.88,3.01,53.1,504.6,14.01
385.9,0.787,0.66,31.4,9.4,6.99,2.86,39.3,750.4,17.7
205.1,0.76,0.648,30.1,14.7,5.52,0.42,78.4,372.0,15.41
379.2,0.463,0.38,26.8,10.9,7.46,0.19,60.6,559.7,16.8
262.0,0.554,0.481,31.0,14.8,5.43,2.4,42.7,498.9,14.77
226.0,0.559,0.437,33.0,15.0,6.16,0.92,57.6,475.1,14.3
353.3,0.766,0.634,36.0,15.4,8.78,1.13,70.2,846.9,18.8
338.4,0.459,0.433,32.2,16.1,5.54,0.06,82.7,682.8,16.97
393.0,0.499,0.4,34.2,10.7,4.86,0.6,42.1,871.7,15.46
361.7,0.826,0.728,24.6,9.5,4.85,0.07,78.7,454.4,17.25
376.8,0.534,0.435,29.4,12.4,9.2,4.23,81.4,655.0,16.65
262.0,0.757,0.685,22.1,10.1,7.03,0.56,80.4,266.0,16.35
239.0,0.562,0.436,25.9,12.6,6.55,1.63,64.9,333.4,14.62
365.1,0.497,0.469,33.6,13.8,8.55,0.08,64.6,789.5,18.14
377.5,0.564,0.474,37.9,13.6,8.68,2.2,52.2,976.6,18.01
417.9,0.789,0.629,23.6,10.1,6.16,0.78,71.4,484.2,16.09
290.8,0.852,0.652,28.4,7.8,7.97,4.56,59.2,477.6,16.66
281.8,0.84,0.659,34.8,10.7,8.36,4.38,67.3,642.6,17.08
370.8,0.637,0.544,25.3,7.6,7.77,0.79,53.6,491.9,15.22
275.0,0.764,0.624,30.9,15.8,5.26,4.62,70.2,519.2,16.76
404.8,0.546,0.5,33.7,9.8,8.88,11.12,75.3,879.5,16.1
388.9,0.588,0.491,31.9,7.7,7.2,3.49,38.1,772.1,14.67
294.4,0.871,0.697,25.0,6.3,5.91,3.73,75.8,382.9,15.58
365.2,0.456,0.398,27.7,13.1,6.63,0.57,59.7,572.8,16.11
366.0,0.49,0.437,34.5,13.0,4.69,1.72,76.5,825.0,15.23
222.7,0.548,0.429,30.9,9.7,5.14,0.14,53.7,420.2,13.39
398.6,0.462,0.362,22.1,6.8,8.33,0.2,50.8,401.9,15.29
311.2,0.535,0.405,34.2,10.5,4.5,13.61,80.3,690.0,13.44
381.8,0.724,0.65,22.6,9.4,6.58,0.79,43.8,403.4,15.96
270.4,0.648,0.572,33.9,13.4,7.11,2.76,76.4,593.1,15.23
397.0,0.87,0.735,25.2,12.7,4.77,3.29,56.6,525.6,17.49
285.6,0.834,0.766,37.3,10.0,9.37,3.9,58.3,723.5,18.05
202.4,0.611,0.556,27.9,8.4,5.63,12.09,47.0,321.5,11.11
399.2,0.572,0.496,27.2,16.9,6.02,0.55,61.5,608.0,17.09
220.1,0.628,0.58,24.4,11.0,6.02,0.08,47.9,272.5,14.73
270.2,0.727,0.576,26.9,13.6,5.65,1.06,32.2,402.4,16.1
409.0,0.576,0.445,36.0,7.5,4.51,0.28,45.0,982.7,15.47
409.1,0.743,0.598,37.9,11.3,8.15,0.05,30.4,1061.3,18.27
326.2,0.642,0.489,27.9,6.3,9.33,0.89,83.8,518.4,16.83
339.0,0.709,0.607,29.2,11.6,5.62,3.06,83.1,582.3,16.45
298.7,0.655,0.614,33.6,16.6,7.82,1.67,51.7,643.7,17.94
264.5,0.588,0.446,36.2,10.2,8.21,0.75,70.1,639.6,14.93
272.3,0.896,0.694,31.5,6.4,8.74,2.12,49.0,530.7,16.59
348.0,0.809,0.68,28.3,6.3,6.61,0.53,66.9,565.9,15.6
365.5,0.516,0.483,28.6,10.3,6.01,0.03,74.3,606.8,15.73
374.1,0.858,0.698,33.1,7.8,6.13,2.89,82.1,790.6,15.97
373.7,0.679,0.578,22.1,6.3,8.06,1.95,52.0,375.6,15.46
220.1,0.87,0.66,31.9,14.3,8.58,2.87,73.1,438.2,17.23
308.8,0.826,0.644,27.7,11.0,5.41,0.08,44.6,484.4,17.91
212.7,0.65,0.616,34.7,9.2,6.35,3.63,84.5,482.9,14.0
320.9,0.461,0.434,23.5,15.9,9.01,1.93,31.4,368.6,16.85
297.1,0.576,0.433,31.4,7.3,8.53,1.66,63.2,576.8,15.59
395.3,0.705,0.663,29.7,16.5,9.42,1.96,66.3,699.5,18.59
277.2,0.748,0.656,32.3,9.5,8.27,4.0,67.8,562.1,16.11
225.8,0.571,0.528,23.0,15.8,6.47,1.77,36.6,249.2,14.22
231.5,0.515,0.434,31.3,12.6,7.45,1.74,81.6,446.2,14.91
367.5,0.842,0.719,31.0,15.1,7.81,9.35,40.0,697.7,16.95
336.0,0.913,0.774,31.0,16.8,4.89,2.83,64.3,637.4,18.68
222.2,0.697,0.616,31.7,9.2,7.22,1.17,42.2,436.8,14.28
218.5,0.531,0.413,32.8,16.6,8.05,2.46,46.9,455.0,15.93
354.2,0.578,0.437,34.9,10.3,5.34,0.99,60.1,810.4,14.61
216.0,0.459,0.372,26.3,10.2,8.4,0.52,52.9,309.3,13.94
380.8,0.88,0.784,35.2,9.7,7.42,1.82,38.8,883.5,18.01
355.4,0.505,0.399,30.0,12.0,9.26,5.27,39.4,638.7,14.94
217.9,0.721,0.638,23.2,7.7,4.71,5.29,53.0,244.8,12.07
218.7,0.579,0.546,22.9,12.1,5.83,0.84,71.7,239.1,13.6
417.1,0.71,0.546,27.3,12.0,7.51,1.5,79.4,640.1,17.13
282.3,0.756,0.669,34.6,14.4,5.98,0.48,34.6,636.9,17.21
281.5,0.84,0.705,33.3,15.2,8.07,10.87,51.6,600.3,16.3
378.8,0.547,0.505,34.6,10.8,8.3,7.94,35.5,856.8,15.9
408.4,0.455,0.358,30.3,9.3,5.01,2.1,30.9,746.4,14.37
416.9,0.514,0.457,29.0,8.9,7.07,3.26,66.4,710.6,15.71
365.7,0.873,0.801,24.4,8.1,7.04,2.51,63.1,452.0,16.54
282.8,0.861,0.808,27.3,6.6,6.35,1.8,39.0,431.3,15.26
218.4,0.731,0.648,28.9,9.8,9.16,0.11,42.9,370.0,16.04
371.0,0.732,0.622,23.4,9.0,8.64,1.21,31.3,423.6,16.49
322.8,0.763,0.666,25.5,16.6,7.99,2.25,75.9,436.8,18.61
293.3,0.532,0.492,31.6,12.1,8.07,2.26,83.6,574.1,16.22
399.4,0.88,0.76,33.8,9.8,6.81,0.93,37.5,869.5,17.29
224.5,0.647,0.489,38.0,12.4,9.1,5.68,42.7,583.0,13.78
308.4,0.63,0.59,36.9,7.5,7.97,0.37,77.8,768.8,16.77
202.5,0.694,0.616,32.3,10.9,8.14,1.39,81.0,410.7,14.12
303.1,0.472,0.418,28.7,12.9,8.81,2.35,53.1,507.4,16.84
212.4,0.528,0.419,32.2,11.4,5.87,2.39,32.8,428.6,12.44
226.1,0.797,0.703,34.6,10.4,8.54,2.09,32.2,510.4,15.21
225.9,0.489,0.405,23.9,16.9,5.48,0.64,61.6,268.6,14.64
342.8,0.733,0.646,28.6,15.7,6.23,0.34,51.6,567.7,18.8
364.1,0.565,0.436,35.4,12.9,6.18,2.02,31.6,853.4,15.51
328.3,0.633,0.558,28.1,12.3,9.39,1.83,62.1,530.0,17.84
411.7,0.586,0.556,31.1,12.8,8.78,0.4,30.6,788.4,17.31
282.5,0.617,0.469,31.4,8.2,8.01,2.44,73.3,548.1,15.54
262.9,0.788,0.745,25.0,10.3,8.14,1.21,46.9,340.4,17.26
391.1,0.59,0.49,27.8,6.4,7.31,2.2,32.2,617.8,14.83
249.2,0.716,0.662,27.4,11.2,9.24,3.63,62.4,382.6,15.91
411.9,0.674,0.611,22.4,12.0,6.98,0.37,51.9,429.2,18.0
202.7,0.762,0.658,22.4,8.5,6.4,0.04,83.6,210.5,12.99
413.4,0.89,0.799,35.3,16.6,5.32,3.02,59.9,963.5,17.96
209.5,0.794,0.735,26.4,16.0,8.43,1.88,45.1,301.0,15.99
396.1,0.551,0.458,30.3,13.9,8.17,2.41,69.0,724.3,16.87
316.1,0.465,0.379,26.8,11.9,6.42,3.64,44.9,467.2,15.31
418.5,0.573,0.506,37.1,15.6,4.63,3.25,79.7,1048.3,16.43
216.2,0.73,0.665,26.1,7.4,8.69,6.48,50.6,305.9,12.99
321.8,0.474,0.428,28.9,14.7,4.56,1.54,60.2,543.1,15.46
413.2,0.683,0.621,36.0,7.4,8.02,1.34,32.8,990.3,16.05
315.1,0.731,0.612,35.5,14.7,9.35,1.03,53.4,739.5,18.8
338.5,0.607,0.555,25.0,9.0,6.69,0.33,75.8,439.3,16.42
353.1,0.812,0.629,34.8,15.6,5.67,1.7,74.3,806.5,18.0
300.0,0.5,0.43,29.3,16.4,8.02,0.65,42.3,519.9,16.85
338.1,0.485,0.365,29.7,7.6,8.59,5.08,42.4,599.3,14.05
328.5,0.792,0.646,24.1,11.1,7.23,1.75,75.0,398.7,16.84
398.3,0.683,0.562,23.3,16.8,9.34,1.8,81.2,449.6,18.8
210.0,0.774,0.641,33.6,11.3,4.76,0.88,35.2,454.6,12.99
261.8,0.654,0.582,29.9,15.5,7.02,0.11,54.8,469.8,16.74
409.1,0.566,0.468,29.0,12.5,8.09,0.06,48.6,695.0,17.81
395.9,0.835,0.701,33.7,10.1,8.81,1.1,77.9,857.9,18.08
300.2,0.826,0.659,34.2,9.1,5.4,0.18,34.6,668.0,17.08
336.4,0.777,0.64,24.5,8.2,8.5,1.87,41.6,422.0,16.88
261.0,0.578,0.46,31.8,14.4,7.26,4.26,71.4,515.9,16.07
241.4,0.727,0.556,24.2,10.3,6.48,4.29,32.8,293.7,15.03
302.0,0.62,0.54,34.0,11.6,5.16,2.15,57.1,665.1,15.65
277.7,0.493,0.436,32.5,11.4,8.83,0.47,54.3,569.7,16.27
328.4,0.881,0.77,37.3,12.4,5.29,3.98,48.4,831.1,17.22
217.1,0.514,0.433,23.1,15.5,6.05,4.34,51.7,241.1,13.99
414.4,0.897,0.741,22.9,16.8,5.95,0.44,59.1,452.2,18.8
417.0,0.66,0.609,26.5,10.5,8.86,2.67,38.9,605.2,16.25
